"parliamentarian_id","interest_categories_id","title"
15,1,"Schweizerischer Verband für Landtechnik (SVLT), Riniken"
15,1,"Schweizerische Hagel-Versicherungs-Gesellschaft, Zürich"
15,1,"Landwirtschaftskammer SBV, Brugg"
15,1,"Zürcher Bauernverband, Zürich"
15,1,"Waldwirtschaft Schweiz, Solothurn"
15,4,"Komitee ""Pro Flughafen"", Zürich"
15,8,"Alterszentrum Bruggwiesen, Effretikon"
15,10,"Stiftung Museum und historisches Material der schweizerischen Luftwaffe"
15,14,"Schulkommission Strickhof, Lindau"
15,22,"IG Rettungsdienst Region Winterthur"
15,24,"Alp Farner AG"
26,4,"Automobil Club der Schweiz (ACS) Mitte, Aarau"
26,7,"Groupe Mutuel, Groupe de réflexion santé"
26,10,"Neu Bechburg, Oensingen"
26,11,"Bosec Consulting GmbH, Kestenholz"
26,16,"Industrie- und Handelsverein Thal-Gäu-Bipperamt, Oensingen"
28,1,"Anton Bortoluzzi"
28,2,"Ostschweizerische Bürgschaftsgenossenschaft BG OST-SÜD"
28,3,"Vorsorgeforum"
28,4,"comparis.ch, Zürich"
28,6,"BG OST-SÜD Bürgschaftsgenossenschaft für KMU"
28,8,"Alfred Flury Stiftung"
28,8,"Jugend ohne Drogen"
28,8,"Stiftung generationplus, Oberlunkhofen"
28,9,"Hüppi AG, Zürich"
91,4,"Touring Club Schweiz (TCS)"
91,7,"Genossenschaft KPT/CPT Versicherungen, Bern"
91,7,"Genossenschaft KPT/CPT Krankenkasse, Bern"
91,7,"KPT Krankenkasse AG, Bern"
91,7,"KPT Versicherungen AG, Bern"
91,7,"KPT/CPT Holding AG, Bern"
91,17,"Online Easy AG, Bern"
91,22,"Auto-Strassenhilfe-Schweiz (ASS), Zofingen"
91,25,"ASTAG Aargau, Zofingen"
91,25,"ASTAG Schweiz (Politischer Beirat)"
91,25,"Giezendanner AG, Rothrist"
91,25,"Giezendanner Köln GmbH"
91,25,"Mittelland Transport (MLT) AG, Hunzenschwil"
91,25,"Recycling Transporte Waltenschwil (RTW)"
91,25,"Rollbeton Giezendanner AG, Rothrist"
97,4,"Europaïsches Institut für Initiativen + Referendum, Bülach"
97,4,"Association pour le centre de reflexion (ACROL), St-Ursanne"
97,4,"Demokratischer Verein Zürich-Unterland, Bülach"
97,10,"Edition le Doubs, St. Ursanne"
97,10,"Lieux de mémoire - dessein d'avenir Jurassien, St-Ursanne"
151,4,"DCAF (Geneva Centre for the Democratic Control of Armed Forces), Geneva"
151,4,"Offiziersgesellschaft beider Basel"
151,8,"Wohngemeinschaft für jung+alt, Maisprach"
151,12,"Energieforum Nordwestschweiz"
173,8,"SVS Schweizerischer Verband für Seniorenfragen"
173,8,"Vereinigung Aktiver Aargauer Senioren (VAAS), Widen"
173,9,"Kies und Beton AG (KBB), Birr"
173,9,"Kies und Beton AG (KBS), Schafisheim"
173,11,"MRG-Beratungs AG, Gipf-Oberfrick"
173,12,"Energieforum Nordwestschweiz"
214,4,"Aktion für eine unabhängige und neutrale Schweiz (AUNS)"
214,4,"Interessengemeinschaft Schweiz-Zweiter Weltkrieg"
214,8,"Schwiizer hälfed Schwiizer, Zürich"
214,10,"Antonie Deusser Stiftung, Zurzach"
214,17,"Förderverein Radio Argovia, Brugg"
224,4,"Association CasaBlanca Bern"
224,10,"Filmfestival von Locarno, Locarno  VR / M"
224,10,"Historisch-Antiquarische Kommission, Bern"
224,10,"Louise Blackborne-Stiftung"
224,14,"Executive Master of Public Administration, Bern (Fachbeirat) -"
224,18,"Behördendelegation Entwicklungsschwerpunkt ESP, Bern"
224,18,"Mairie de Berne"
224,18,"Schweizerischer Städteverband, Bern"
224,18,"Verein Hauptstadtregion Schweiz, Bern"
224,18,"Vereinigung für Bern, Bern"
224,20,"Stiftung Bärenpark, Bern"
224,21,"Schweizerische Stiftung für die Erforschung der Muskelkrankheiten, Cortaillod"
224,25,"Autoeinstellhalle Rathaus AG, Bern"
224,25,"Autoeinstellhalle Waisenhausplatz AG, Bern"
224,25,"BELWAG AG BERN Parking Casino, Bern"
224,25,"Einstellhalle Wankdorf-Allmend AG, Bern"
224,25,"Grosse Schanze AG, Bern"
307,4,"Verband Stahl-, Metall- und Papier-Recycling (VSMR) Schweiz, Bern"
307,4,"Churfirsten-Club"
307,10,"Ballenberg - Schweizerisches Freilichtmuseum für ländliche Kultur, Hofstetten bei Brienz"
307,10,"Josef Voegeli Stiftung für verunfallte Sportler, Lampenberg"
307,18,"Interessengemeinschaft Schweizer Bergprodukte"
307,19,"Stiftung für bürgerliche Politik, Zug"
307,19,"Stiftung SVP-Parteizeitung"
307,24,"Landgasthaus Sonne Wintersberg GmbH"
319,17,"Schweizerzeit Verlags AG, Flaach"
350,4,"Schatz der Schweiz"
350,4,"Scouts suisses"
350,8,"Entreprise sociale l'Orangerie"
350,10,"Les Croquettes, marionnettistes, Genève"
350,23,"Association du personnel de la Confédération"
350,23,"Union syndicale suisse"
354,3,"Ombudsman der Privatversicherung und der SUVA, Zürich"
354,8,"Pro Senectute Graubünden (Stiftungsversammlug)"
354,10,"Fondazione Internazionale per la Scultura, Lavizzara"
354,10,"Stiftung pro Kloster St. Johann, Müstair"
354,10,"Stiftung Schlossacker"
354,10,"Stiftung SoliWerk"
354,16,"Industrielle Betriebe Chur (IBC)"
354,20,"Schweizerische Greina-Stiftung (SGS) zur Erhaltung der alpinen Fliessgewässer, Zürich"
354,20,"Institut für Umwelt und Natürliche Ressourcen (IUNR), Wädenswil"
354,20,"Pro Natura, Basel"
354,24,"Stiftung Salecina, Maloja/Bregaglia"
405,2,"Stiftung Technopark Zürich"
405,8,"Solidar Suisse, Zürich"
405,8,"CASTAGNA, Beratungs- und Informationsstelle, Zürich"
405,12,"Energie 360 Grad AG"
405,12,"Erdgas Zürich AG, Altstetten"
405,13,"Pro Familia"
405,13,"Stiftung Kinderschutz Schweiz, Bern"
405,14,"Stiftung Pestalozzianum, Zürich"
405,19,"Atelier politique Fehr"
405,19,"Sozialdemokratische Partei SP"
453,1,"Uvavins, Morges"
453,8,"Fondation Irène Leroy"
473,1,"Bündner Bauernverband, Chur"
473,1,"graubünden Vieh AG, Chur"
473,1,"Meliorationsgenossenschaft Thalkirch"
473,1,"Schweizerischer Bauernverband"
473,6,"Landwirtschaftliche Kreditgenossenschaft Graubünden"
473,20,"Naturpark Beverin, Wergenstein"
473,24,"Center da capricorns, Wengenstein"
473,24,"Plankis, Hosang'sche Stiftung, Chur"
478,6,"TREUHAND SUISSE Schweizerischer Treuhänderverband, Bern (politischer Beirat)"
478,10,"Swiss Helicopter Association (SHA)"
478,22,"Spitex Privée Suisse (ASPS)"
487,4,"Schutzverband der Bevölkerung um den Flughafen Basel-Mulhouse, Binningen"
487,8,"Gemeinsame Opferhilfe beider Basel, Basel"
487,9,"Riva Chur AG"
487,18,"BVG- und Stiftungsaufsicht beider Basel"
487,18,"Kommission für Wirtschaftsförderung des Kantons Basel-Landschaft"
487,23,"Schiedsgericht Syndicom"
490,1,"Verband Schweizerischer Schreinermeister und Möbelfabrikanten (VSSM), Zürich"
490,1,"Verein Holzenergie Schweiz"
490,1,"Zentrale Paritätische Kommission Schreinergewerbe"
490,2,"Arbeitskreis Wirtschaft und Gesellschaft (AWG)"
490,2,"Schweizerischer Gewerbeverband (sgv), Bern"
490,4,"SAQ Swiss Association for Quality, Kirchberg BE"
490,4,"Swiss Label, Bern"
490,4,"Zentralstelle für das gewerbliche Bürgschaftswesen der Schweiz (GBZ)"
490,6,"TREUHAND SUISSE Schweizerischer Treuhänderverband, Bern (politischer Beirat)"
490,16,"Ausgleichskasse Schreiner"
490,16,"Pensionskasse Schreinergewerbe, Zürich"
490,16,"Schweizerischer Gewerbeverband"
490,18,"Schweizerische Arbeitsgemeinschaft für die Berggebiete (SAB), Bern"
490,20,"Stiftung Natur und Wirtschaft, Luzern"
490,20,"Stiftung Schweizerische Wildtierwarte"
490,24,"Luzerner Raststätten AG (LURAG)"
494,1,"Blavignac SA, Carouge"
494,4,"Fastenopfer (Stiftungsforum)"
494,7,"Arcosana AG"
494,7,"CSS Holding AG, Luzern"
494,7,"CSS Kranken-Versicherung AG, Luzern"
494,7,"CSS Verein, Luzern"
494,7,"CSS Versicherung AG, Luzern"
494,7,"INTRAS Assurance-Maladie, Carouge"
494,7,"INTRAS ASSURANCES SA, Carouge"
494,7,"Intras Caisse Maladie, Carouge"
494,7,"Personalvorsorgestiftung der CSS-Versicherung"
494,7,"Sanagate SA, Luzern"
494,10,"Fondation Jean-Marc Probst pour le Petit Prince, Lausanne"
494,13,"Kinder und Gewalt, Bern"
494,13,"Pro Familia Schweiz, Bern"
494,20,"Schweizerische Greina-Stiftung (SGS) zur Erhaltung der alpinen Fliessgewässer, Zürich"
498,4,"Conférence catholique des baptisé-e-s francophones"
498,10,"Institut Suisse des Sciences Nautiques"
498,20,"La Maison des Alpes, Evolène"
502,8,"Winterhilfe Kanton Zürich"
502,8,"Helvetas, Schweizerische Gesellschaft für internationale Zusammenarbeit, Zürich"
502,8,"Berufslehr-Verbund Zürich (BVZ)"
502,8,"Stiftung Schwiizer hälfed Schwiizer"
502,10,"Schweizerische Stiftung PRO VENEZIA, Bern"
502,10,"Gesellschaft für das Schweizerische Landesmuseum"
502,10,"Gesellschaft für Schweizerische Kunstgeschichte (GSK)"
502,12,"Forum VERA, Verantwortung für die Entsorgung radioaktiver Abfälle, Bern"
502,12,"Schweizerische Vereinigung für Geothermie (SVG)"
502,13,"Stiftung Juventus-Schulen"
502,14,"Schulrat der HWZ Hochschule für Wirtschaft Zürich"
502,14,"International Association for the Exchange of Students for Technical Experience (IAESTE)"
502,14,"Universitätsrat der Universität Zürich"
502,17,"SwissICT"
502,19,"Schweizerische Gesellschaft für Aussenpolitik (SGA)"
502,20,"Organe consultatif sur les changements climatiques (OcCC) (Beratendes Organ)"
502,20,"Pro Natura, Zürich"
502,20,"Stiftung Pusch (Praktischer Umweltschutz Schweiz)"
502,21,"SCAHT, Foundation of the Swiss Centre for Applied Human Toxicology, Geneva"
504,8,"Oeuvre suisse d'entraide ouvrière (OSEO) Valais, Sion"
504,10,"Schweizerisches Alpines Museum"
504,10,"Senso5, Sion"
504,17,"Société coopérative d'édition du journal Le Peuple.VS, Sion"
504,19,"Sozialdemokratische Partei SP"
504,22,"Pro Mente Sana Suisse romande, Genève"
514,2,"FH SCHWEIZ – Dachverband Absolventinnen und Absolventen Fachhochschulen"
514,7,"Groupe Mutuel, Groupe de réflexion santé"
514,7,"Groupe Mutuel, Martigny"
514,10,"Stiftung Sportmuseum Schweiz, Basel"
514,10,"Escapenet GmbH"
514,10,"Lions Club, Winterthur"
514,10,"Schweizerischer Unihockey Verband"
514,10,"Swiss Athletics"
514,10,"Swiss Olympic Verband, Ittigen (Exekutivrat)"
514,10,"Swisscup, Aarau"
514,10,"Vergabungskommission der Young Kickers Foundation (beiratsähnliches Gremium)"
514,16,"Arbeitsgruppe Gesundheitswesen, VIPS (Vereinigung Pharmafirmen in der Schweiz)"
514,16,"ancosyslab GmbH"
514,19,"Freiheit + Verantwortung"
519,1,"Agrisano Pencas"
519,1,"Agrisano Prevos"
519,1,"Äulihof, Weinfelden AG"
519,1,"Laur-Park, Brugg Koll"
519,1,"Stiftung für eine nachhaltige Ernährung durch die schweizerische Landwirtschaft, Brugg"
519,1,"Haus des Schweizerbauern HSB, Brugg"
519,1,"Zuckerfabriken Aarberg und Frauenfeld AG"
519,6,"Grünes Zentrum, Weinfelden"
519,7,"Krankenkasse Agrisano Schweiz"
519,9,"Landw. Bau- und Architekturbüro (LBA) Schweiz"
519,11,"Druckerei Flawil AG, Flawil"
519,11,"Galledia AG, Frauenfeld"
519,11,"Olma Messen St. Gallen"
519,15,"Agrimmo AG, Brugg"
519,17,"Stafag, Frauenfeld"
542,1,"Profi-Lait, Lindau"
806,1,"Hochstamm Suisse, Basel"
806,4,"Alliance F, Schweizerischer Frauenbund"
806,8,"Stiftung Basel-Olsberg für Menschen mit einer Behinderung"
806,8,"Swissaid, Bern"
806,20,"Schweizerische Greina-Stiftung (SGS) zur Erhaltung der alpinen Fliessgewässer, Zürich"
806,20,"Nordwestschw. Aktionskomittee gegen Atomkraftwerke (NWA), Basel"
806,21,"Schweizerische Arbeitsgruppe Gentechnologie (SAG), Zürich"
820,1,"Zürcher Bauernverband, Dübendorf"
820,11,"LED Licht GmbH, Otelfingen"
820,12,"Elektrizitätswerke des Kantons Zürich"
1065,8,"Fondation Suisse du Service Social International (SSI), Genève"
1065,22,"Pro Mente Sana, Genève"
1071,4,"Comparis.ch AG, Zürich"
1071,7,"CONCORDIA Versicherungen AG"
1071,7,"CONCORDIA Schweizerische Kranken- und Unfallversicherung"
1071,7,"CONCORDIA Beteiligungen AG"
1071,7,"Stiftung Kranken- und Unfallkasse Konkordia"
1071,7,"CONCORDIA Schweizerische Kranken- und Unfallversicherung AG, Luzern"
1071,8,"Pro Senectute Kanton Aargau (Stiftungsversammlung)"
1071,8,"Stiftung Alterszentrum Lindenhof, Oftringen"
1071,10,"Stiftung OL-Schweiz"
1071,10,"Stiftung VITA Parcours, Zürich"
1071,21,"Schweizerische Stiftung für Klinische Krebsforschung, Bern"
1071,21,"IG biomedizinische Forschung und Innovation"
1071,21,"IG Seltene Krankheiten"
1071,22,"Schweizerische Diabetes-Gesellschaft (SDG)"
1071,22,"Klinik Villa im Park, Rothrist"
1071,22,"RehaClinic AG, Bad Zurzach"
1071,22,"Stiftung Schweizerische Akademie für Chiropraktik, Bern"
1071,22,"Theraplus, Stiftung für Therapiebegleitung, Fislisbach"
1103,3,"Schweizerische Mobiliar, Bern"
1103,3,"Stiftung ""Ombudsman der Privatversicherung und der SUVA"""
1103,5,"Gabi Huber Rechtsanwaltbüro"
1103,8,"Limmat Stiftung, Zürich"
1103,11,"PricewaterhouseCoopers AG, Zürich"
1103,14,"Hochschule für Technik und Architektur, Luzern"
1103,15,"Dätwyler Holding AG, Altdorf"
1103,18,"Schweizer Berghilfe, Adliswil"
1103,22,"Schweizerische Rettungsflugwacht (Rega), Kloten"
1104,1,"Schweizerische Hagel-Versicherungs-Gesellschaft, Zürich"
1104,1,"Landi Linth Genossenschaft, Schänis"
1104,1,"LV-St. Gallen (Landverband SG)"
1104,10,"Genossenschaft Einwohner und Freunde des Weisstannentals"
1104,10,"St. Gallischer Kantonalschützenverband"
1104,16,"Interessenverband Schweizer-Kleinkraftwerk-Besitzer"
1108,1,"Fenaco, fédération de coopératives agricoles, Berne"
1108,1,"Société d'agriculture et de laiterie de Bursins-Vinzel, Bursins"
1108,2,"Association du Centre Patronal, Paudex"
1108,2,"Fédération Patronale Vaudoise"
1108,3,"Etablissement d'assurance contre l'incendie et le éléments naturels (ECA) du Canton de Vaud"
1108,21,"Gen-Suisse - Fondation suisse pour un génie génétique responsable, Berne"
1108,21,"IG biomedizinische Forschung und Innovation"
1109,2,"Arbeitsgemeinschaft für Wirtschaft und Gesellschaft (AWG) Schweiz"
1109,4,"Katholische Arbeitsgemeinschaft für Erwachsenenbildung (KAGEB), Luzern"
1109,6,"Elementa Group AG, Zug"
1109,8,"Winterhilfe Zug"
1109,8,"Zürcher Sprachheilschule, Unterägeri"
1109,8,"Jerusalem Foundation Switzerland, Zürich"
1109,10,"Pro Libro, Luzern"
1109,10,"re-connected, Zug"
1109,11,"KLV Verlag AG, Mörschwil"
1109,14,"Institut Dr. Pfister AG, Oberägeri"
1109,14,"Institut Montana Zugerberg AG, Zug"
1109,14,"Pfister & Netzwerk, Zug"
1109,14,"Private Bildung Schweiz (PBS), Bern"
1109,14,"Stiftung für hochbegabte Kinder, Zürich"
1109,14,"Tagesschule Elementa AG, Neuheim"
1109,14,"Verband der Schweizerischen Privatschulen (VSP), Bern"
1109,15,"Alfred Müller Stiftung, Baar"
1109,15,"Gütsch Immobilien AG, Oberägeri"
1109,15,"TSE Real Estate AG, Zug"
1109,11,"PS Group Gmbh, Oberägeri"
1109,21,"Gen Suisse - Schweizerische Stiftung für eine verantwortungsvolle Gentechnik, Bern"
1109,22,"Klinik Adelheid AG, Unterägeri"
1109,24,"Ägerisee Schifffahrt AG, Oberägeri"
1110,4,"Gesellschaft Schweiz - Islamische Welt, Zürich"
1110,8,"Gesellschaft Schweiz - Palästina, Basel"
1110,14,"Schulkommission EB Zürich (Kantonale Berufsschule für Erwachsenausbildung)"
1110,21,"Kantonale Ethikkommission Zürich (KEK ZH)"
1110,23,"VPOD - Luftverkehr, Glattbrugg"
1111,2,"Schweizer Stiftung für Oberflächentechnik (SSO), Bern"
1111,2,"Gewerbeverein Emmenbrücke"
1111,2,"Info-Club für freies Unternehmertum (IFU), Luzern"
1111,4,"Schutzverband der Bevölkerung um den Flugplatz Emmen (SFE), Emmenbrücke"
1111,4,"Vereinigung Sifa, ""Sicherheit für alle"", Flaach"
1111,8,"Schweizerische Alzheimervereinigung Sektion Luzern"
1111,8,"Pro Senectute Kanton Luzern (Stiftungsversammlung)"
1111,10,"IG Supermoto Emmen"
1111,10,"Sport Club 86, Rothenburg"
1111,10,"Sport Club 89, Emmenbrücke"
1111,19,"SVP Kanton Luzern"
1111,22,"Organisation der Arbeitswelt Medizinischer Masseure (OdA MM), Sursee"
1112,4,"International Parlamentary Netgroup of the World Bank PNoWB, Paris"
1112,8,"Living Education, Baden"
1112,8,"Solarstrom für Tschad, Baden"
1112,9,"Wohnbaustiftung der Stadt Baden"
1112,10,"Gibellina-Arts AG, Baden"
1112,10,"Josef und Margrit Killer-Schmidli Stiftung, Baden"
1112,10,"Marlis und Hans Peter Wüthrich-Mäder-Stiftung"
1112,12,"Schweizerische Energie-Stiftung, Zürich"
1112,12,"Regionalwerke Holding AG, Baden"
1112,14,"Beratungsdienste für Ausbildung und Beruf Aargau"
1112,14,"Stiftung Karl Braun, Ennetbaden"
1112,16,"Berufsfachschule Baden BBB"
1117,1,"Agroscope, Stations fédérales de recherche agronomique"
1117,1,"Doviva SA - Cofigo SA (Entreprise viticole), Vétroz"
1117,1,"Jean-René Germanier Vins Vétroz"
1117,1,"Seba Aproz SA (Eaux minérales), Nendaz"
1117,1,"SWISSCOFEL, Berne"
1117,9,"CSC entreprise de constructions SA"
1117,11,"Fédération des coopératives Migros, Zurich"
1117,16,"Veuthey & Cie Martigny SA, Martigny"
1117,20,"Fondation Rétropomme, Corcelles-Cormondrèche"
1117,21,"Fondation de l'Institut de Recherche Idiap, Martigny"
1117,25,"OUESTRAIL, Delémont"
1119,1,"Despond SA, Bulle"
1119,1,"Industrie du bois Suisse"
1119,2,"Association des sociétés anonymes privées"
1119,2,"Union suisse des arts et métiers (usam)"
1119,3,"Mobilière Suisse, Berne"
1119,4,"Cercle de travail pour la sécurité et les technologies de defense"
1119,11,"AP Architecture Paysagère SA, Bulle"
1119,11,"Fondation PME suisse"
1119,25,"ASTAG Association suisse des transports routiers, Berne"
1119,25,"Sagérime SA, Bulle"
1120,4,"Association suisse de défense des locataires (ASLOCA-Genève), Genève"
1120,4,"Association suisse de défense des locataires (ASLOCA-Romande), Lausanne"
1120,4,"Association suisse de défense des locataires (ASLOCA-Suisse), Berne"
1120,4,"Fondation de la Cité Universitaire de Genève, Genève"
1120,8,"Commission consultative de la coopération internationale au développement"
1120,8,"Swissaid, Berne"
1120,10,"Istituto Svizzero di Roma (ISR)"
1122,6,"Regiobank Solothurn"
1122,6,"Soleika AG, Solothurn"
1122,8,"Alterszentrum Wengistein, Solothurn"
1122,8,"Prof. Dr. Arnold u. Johanna Kaufmann-Anderegg-Stiftung, Solothurn"
1122,9,"Wohnen Schweiz"
1122,10,"Bibliomedia Schweiz, Bern"
1122,10,"Bill de Vigier Stiftung, Solothurn"
1122,10,"Dr. Wilhelm von Vigier Stiftung, Solothurn"
1122,10,"Dübi-Müller-Stiftung, Solothurn"
1122,10,"Forum Stadt - Netzwerk historischer Städte"
1122,10,"Freunde Museum Altes Zeughaus"
1122,10,"Josef Müller-Stiftung, Solothurn"
1122,10,"Kosciuszko-Gesellschaft"
1122,10,"Max Gubler-Stiftung, Solothurn"
1122,10,"Stiftung Zentralbibliothek, Solothurn"
1122,12,"Regio Energie Solothurn, Solothurn"
1122,12,"Strategiegruppe Energie Schweiz"
1122,14,"Genossenschaft Regiomech, Zuchwil"
1122,16,"Stiftung FZZ zur Förderung des ZeitZentrums in Grenchen, Solothurn"
1122,18,"Schweizerische Vereinigung für Landesplanung"
1122,18,"REPLA Solothurn und Umgebung"
1122,18,"Tripartite Agglomerationskonferenz"
1122,18,"Schweizerischer Städteverband"
1122,18,"Verband Solothurner Einwohnergemeinden"
1122,19,"Liberale Aktion, Zürich"
1122,20,"Pro Natura Solothurn"
1122,20,"Stiftung Landschaftsschutz Schweiz (SL)"
1122,20,"Stiftung Robert und Marcelle Strüby-Fertig, Solothurn"
1122,22,"Hauptstadt Region Schweiz"
1122,24,"Bielersee Schifffahrtsgesellschaft, Biel"
1122,25,"Aare Seeland mobil AG, Langenthal"
1122,25,"Regionalverkehr Bern-Solothurn, Worblaufen"
1122,25,"Informationsdienst für den öffentlichen Verkehr (LITRA), Bern"
1123,1,"Schweizerische Hagel-Versicherungs-Gesellschaft Genossenschaft"
1123,1,"Groupe Minoteries SA, Granges"
1123,1,"Moulin de Granges SA, Granges-Marnand"
1123,1,"Moulin de Sion SA, Sion"
1123,1,"Salines de Bex SA, Bex"
1123,1,"Société coopérative d'alpage de Bex"
1123,6,"Le Cové SA, Bex"
1123,8,"Fondation la Monneresse, Aigle"
1123,21,"Fondation pour la recherche sur les maladies héréditaires, Lausanne"
1123,25,"Grandjean Transport SA, La Chaux-de-Fonds"
1123,25,"MOB SA, Montreux"
1123,25,"PESA Port-franc SA, Chavornay"
1124,10,"Amis du Papiliorama, Kerzers"
1124,10,"Bibliomédia"
1124,10,"Fondation Emmanuel de Vevey"
1124,10,"HELVETIA LATINA, Berne"
1124,10,"Bains de la Motta SA, Fribourg"
1124,12,"Biomasse Suisse"
1124,24,"Fédération suisse du tourisme, Berne"
1124,24,"Remontées Mécaniques Suisses (RMS), Berne"
1125,8,"Schweizer Dachverband Lesen und Schreiben"
1125,23,"Kaufmännischer Verband Winterthur"
1127,4,"Autorité de surveillance LPP et des fondations de Suisse occidentale"
1127,14,"Fondation Eustach et Maria Bregy"
1129,4,"Schweizerische Pfadistiftung, Basel"
1129,8,"IAMANEH Schweiz"
1129,22,"Stiftung für das Oekumenische Zentrum der Psychiatrischen Universitätsklinik Basel"
1129,22,"Universitätsspital Basel"
1129,23,"Schweizerischer Verband des Personals öffentliche Dienste (VPOD)"
1131,4,"MieterInnenverband Kanton Bern (MVB)"
1131,4,"Tägerverein Velo-Initiative, Bern"
1131,12,"Solar Agentur Schweiz"
1131,20,"Schweizerische Verkehrs-Stiftung (SVS), Herzogenbuchsee"
1131,20,"Verkehrs-club der Schweiz (VCS), Herzogenbuchsee"
1131,25,"Informationsdienst für den öffentlichen Verkehr (LITRA), Bern"
1133,1,"Association suisse du goûts"
1133,1,"Robert Gilliard SA, Sion"
1133,1,"IG Mineralwasser"
1133,4,"Hospice du Grand-St-Bernard"
1133,4,"Touring Club Suisse (TCS)"
1133,8,"Fondation Saint-Raphaël"
1133,8,"Institut St. Raphaël, Champlan"
1133,10,"Eco musée Simplon, Brig"
1133,10,"Fédération Suisse des Casinos (FSC), Berne"
1133,10,"Fête fédérale de tir 2015"
1133,12,"EnAlpin SA, Visp"
1133,13,"Institut international des droits de l'enfant (IDE), Sion"
1133,24,"Car Tourisme Suisse"
1133,24,"Enclos de Valère SA, Sion"
1133,24,"GastroSuisse, Zürich"
1133,25,"ASTAG Association suisse des transports routiers, Berne"
1135,10,"Swiss Olympic (Exekutivrat)"
1135,11,"Adrian Amstutz, Schwanden ob Sigriswil"
1135,11,"Amstutz Abplanalp Birri AG, Sigriswil"
1135,12,"Arbeitsgruppe Swisselectric - Ausschuss nukleare Entsorgung"
1135,15,"a+b Liegenschaften AG, Sigriswil"
1135,19,"Stiftung SVP-Parteizeitung"
1135,22,"Schweizerische Rettungsflugwacht (Rega), Kloten"
1135,25,"ASTAG Schweizerischer Nutzfahrzeugverband, Bern"
1137,1,"Landwirtschaftliche Genossenschaft Wartau, Trübbach"
1137,2,"Tripartite Kommission des Kantons St. Gallen"
1137,4,"Swiss Label, Gesellschaft zur Promotion von Schweizer Produkten und Dienstleistungen, Bern"
1137,4,"Schweizerischer Zivilschutzverband"
1137,4,"Schweizerisches Kompetenzzentrum für Menschenrechte (SKMR)"
1137,18,"Bodenseerat"
1137,19,"IG Freiheit"
1137,24,"Trägerverein Culinarium, St. Gallen"
1138,3,"Pensionskasse der Stadt Dübendorf"
1138,4,"Association Machbarkeit Stiftung Forschung Schweiz, Bern"
1138,11,"Bäumle Messungen und Beratungen"
1138,12,"EKZ Elektrizitätswerke des Kantons Zürich"
1138,12,"EKZ Elektrizitätswerke des Kantons Zürich"
1138,12,"Energiedienst Holding AG, Laufenburg (Sachverständiger Beirat)"
1138,12,"Schweizerische Energiestiftung (SES), Zürich"
1138,12,"Wirtschaftsverband swisscleantech (Politischer Beirat)"
1138,14,"Stiftung Weiterbildungskurse Dübendorf"
1138,17,"Glattwerk AG, Dübendorf"
1138,18,"Swiss Innovation Park"
1138,20,"Greencross Schweiz, Zürich"
1139,3,"Ausschuss Campaigning des Schweizerischen Versicherungsverbandes (SVV)"
1139,10,"Skigruppe der Bundesversammlung"
1139,11,"Bit media Schweiz AG, Basel"
1139,19,"Parlamentarischer Verein Schweiz-USA"
1141,4,"Automobil Club der Schweiz (ACS), Sektion Mittelland"
1141,9,"Philipp Müller Generalunternehmung Immobilien"
1141,19,"Verein FDP-Kampagnen"
1142,2,"Gewerbeverein Niederamt"
1142,4,"Aktion für eine unabhängige und neutrale Schweiz (AUNS)"
1142,4,"Parteiunabhängiges Informationskomitee (PIKOM)"
1142,4,"Föderation Motorradfahrer der Schweiz (FMS)"
1142,4,"IG Motorrad"
1142,4,"Hauseigentümerverband (HEV) Kanton Solothurn"
1142,4,"Vereinigung Sifa, ""Sicherheit für alle"", Flaach"
1142,4,"Pro Libertate"
1142,4,"Nationale Verkehrskommission ACS"
1142,17,"Medien Panoptikum"
1142,17,"Radio und Fernsehgesellschaft Aargau/Solothurn (RSA)"
1142,25,"Bus CH - Verband Schweizerischer Busunternehmer, Bern"
1147,8,"Kantonale Behindertenkonferenz Bern"
1147,10,"Frauenriege Turnverein Bolligen"
1147,10,"Schweizer Frauenfussballrat"
1147,10,"Vereinigung Bernischer Sportverbände (Bernsport)"
1147,11,"Anwaltskanzlei Kiener & Nellen, Bern und Bolligen"
1147,13,"FriedensFrauen Weltweit"
1147,14,"Berner Bildungszentrum Pflege, Bern"
1147,20,"Schweizerische Greina-Stiftung (SGS) zur Erhaltung der alpinen Fliessgewässer, Zürich"
1147,20,"Regionaler Naturpark Diemtigtal (BE)"
1147,22,"Komitee für eine Schweiz ohne Masern, Bern"
1147,22,"Fondskommission Kinderkliniken Bern"
1147,22,"Inselspital-Stiftung"
1147,22,"Spital Netz Bern AG"
1147,22,"Spital-Management Bern AG"
1147,22,"Tilia Stiftung für Langzeitpflege, Köniz"
1147,22,"Universitätsspital Insel Bern"
1147,22,"Zentrum Schönberg AG, Bern"
1147,23,"Sozialpolitische Kommission syndicom"
1153,2,"Economiesuisse"
1153,2,"Finanz- und Wirtschaftskommission der Economiesuisse"
1153,2,"Swiss it leadership forum"
1153,2,"Vereinigung der Privaten Aktiengesellschaften, Basel"
1153,2,"YES, Young Enterprise Switzerland"
1153,4,"Allianz Pro Limmattalbahn, Zürich"
1153,4,"Association Machbarkeit Stiftung Forschung Schweiz, Bern"
1153,10,"Schauspielhaus Zürich AG"
1153,10,"Stiftung Zumthor Braunwald"
1153,11,"Awtec AG für Technologie & Innovation, Zürich"
1153,11,"FROX communication AG (Noser Gruppe), Heppenheim (D)"
1153,11,"FROX communication AG (Noser Gruppe), Hombrechtikon"
1153,11,"Noser Engineering AG (Noser Gruppe), München (D)"
1153,11,"Noser Engineering AG (Noser Gruppe), Winterthur"
1153,11,"Noser Management AG (Noser Gruppe), Zürich"
1153,11,"N-Pulse AG (Noser Gruppe), Heppenheim (D)"
1153,12,"Verein ""Stromeffizienz-Initiative"""
1153,16,"AMC International Alfa Metalcraft Corporation AG, Risch"
1153,17,"Akros AG (Noser Gruppe), Biel"
1153,17,"Bucher + Suter AG (Noser Gruppe), Ittigen"
1153,17,"Bucher + Suter AG (Noser Gruppe), München (D)"
1153,17,"Bucher + Suter Inc. (Noser Gruppe), Boston (USA)"
1153,17,"Nexus Telecom AG (Noser Gruppe), Berlin (D)"
1153,17,"Nexus Telecom AG (Noser Gruppe), Zürich"
1153,17,"Stiftung IT-Berufsbildung Schweiz, Bern"
1153,17,"Verein ICT Berufsbildung Schweiz"
1153,17,"ZH-Medien GmbH, Zürich GmbH"
1153,18,"Natürli Zürioberland AG, Bauma"
1153,18,"Swiss Innovation Park"
1153,18,"Vorstand Zürcher Handelskammer, Zürich"
1156,1,"Schweizerische Vereinigung zum Schutz der kleinen und mittleren Bauern (VKMB), Bern"
1156,4,"Neue Europäische Bewegung Schweiz (nebs), Bern"
1156,4,"Interessengemeinschaft öffentliche Arbeitsplätze (IGöffA), Olten"
1156,8,"Keradonum Stiftung Hornhautbank, Olten"
1156,8,"Dachverband Schuldenberatung Schweiz"
1156,8,"IG Pro VEBO und INSOS, Oensingen"
1156,8,"Pro Senectute Kanton Solothurn"
1156,10,"Vereinigung Solothurnischer Musikschulen, Solothurn"
1156,14,"Lehrerinnen- und Lehrerverband Kanton Solothurn (LSO)"
1156,20,"Albert Grütter-Schlatter-Stiftung, Solothurn"
1156,20,"Pro Natura Solothurn"
1156,20,"VCS Kanton Solothurn"
1156,22,"Palliative Care Netzwerk Kanton Solothurn"
1156,22,"Spital Club Solothurn"
1156,23,"Staatspersonalverband Kanton Solothurn"
1156,23,"Schweizerischer Eisenbahn- und Verkehrspersonal-Verband (SEV)"
1156,25,"IGoeV Schweiz, Interessengemeinschaft öffentlicher Verkehr"
1159,6,"Schweizer Verband für Rechnungslegung, Controlling und Rechnungswesen (veb.ch), Zürich"
1159,6,"SLK Holding AG"
1159,6,"TREUHAND-KAMMER, Public Affairs Ausschuss"
1159,11,"Cf Management Gmbh, Luzern"
1159,11,"Kapisa Coaching Gmbh, Zug"
1159,15,"Cf immobilien Gmbh, Sarnen"
1159,15,"Contrust Finance AG"
1159,15,"HS real estate Gmbh, Lachen"
1279,4,"Fondation Jean Monnet pour l'Europe, Lausanne"
1279,12,"Association Swisscleantech, Berne (Conseil politique)"
1279,12,"Swissolar, Zürich"
1279,20,"Association Transports et Environnement (ATE), Herzogenbuchsee"
1279,20,"Association Transports et Environnement (ATE), Section Vaud"
1279,25,"Ouestrail, Delémont"
1288,5,"Schweizerischer Notarenverband (SNV), Muri b. Bern"
1288,5,"Viola Amherd"
1288,8,"Swissaid, Bern"
1288,10,"Stiftung Simplon - Ecomuseum & Passwege"
1288,10,"Schweizerische Stiftung für das Stockalperschloss, Brig-Glis"
1288,10,"Fondation NLZ - Centre national de performance Brigue-Glis"
1288,11,"Migros Valais, Martigny"
1288,13,"Kinderschutz Schweiz"
1288,17,"DANET Datennetzgesellschaft Oberwallis AG, Naters"
1288,17,"Glasfasernetz Schweiz, Bern"
1288,17,"Swiss Fibre Net AG, Bern"
1288,18,"Gemeinde Brig-Glis"
1288,20,"Association Landschaftspark Binntal, Binn"
1288,22,"Clinique médico-chirurgicale de Valère SA, Sion"
1288,25,"Belalp Bahnen AG, Naters"
1288,25,"Aktiengesellschaft Matterhorn Gotthard Bahn, Brig-Glis"
1293,4,"Nouveau Mouvement Européen Suisse (NOMES)"
1293,13,"Association neuchâteloise pour la médiation familiale (ANMF)"
1295,3,"Symova Sammelstiftung BVG, Bern"
1295,8,"Schwiizer hälfed Schwiizer, Zürich"
1295,10,"Sportstiftung Thurgau"
1295,17,"Glasfasernetz Schweiz, Bern"
1295,22,"Dachverband Komplementärmedizin, Bern"
1295,22,"Swiss cancer screening, Bern"
1295,22,"Carnegie-Stiftung für Lebensretter (Schweiz), Bern"
1295,23,"Thurgauer Gewerkschaftsbund, Frauenfeld"
1318,4,"Zentralschweizer Komitee Durchgangsbahnhof Luzern"
1318,8,"Insertion Suisse"
1318,9,"Wohnbaugenossenschaften Schweiz, Regionalverband Zürich"
1318,11,"KKL-Luzern"
1318,23,"Union syndicale suisse"
1337,7,"Krankenkasse Luzerner Hinterland, Zell"
1337,8,"Club Sixtysix"
1337,8,"Pro Senectute Kanton Luzern"
1337,8,"Seematt Eich"
1337,10,"Danner-Stiftung"
1337,10,"Schweizerischer Drummer- und Percussionisten-Wettbewerb, Altishofen"
1337,11,"Lucerne Couture AG, Willisau"
1337,13,"Stiftung Jungwacht Blauring"
1337,22,"ParaHelp AG, Nottwil"
1345,4,"Hauseigentümerverband (HEV) Schweiz, Zürich"
1345,4,"Schweizer Stiftung Farbe, Winterthur"
1345,4,"PolyReg All. Selbstregulierungs-Association, Zürich"
1345,8,"Pflegeheim der Region Rorschach (Zweckverband der Gemeinden)"
1345,10,"Sportanlage Kellen, Goldach (Zweckverband von Gemeinden)"
1345,11,"Genossenschaft exposee - messe am see"
1345,11,"Städtisches Korn- und Lagerhaus Rorschach"
1345,12,"AVA Altenrhein, Thal (Zweckverband von Gemeinden)"
1345,12,"SN Energie AG, Schwanden"
1345,18,"Region AR - St. Gallen - Bodensee"
1345,24,"SBS Schifffahrt AG, Romanshorn"
1345,24,"St. Gallen-Bodensee-Tourismus, St. Gallen"
1346,3,"Caisse de pensions ECA-RP, Lausanne"
1346,3,"Retraites populaires, Lausanne"
1346,8,"EMS Mont-Calme, Lausanne"
1346,12,"Swissgrid AG, Laufenburg"
1346,13,"Fondation d'Ethique Familiale, Lausanne"
3828,1,"Fondation pour la promotion du goût"
3828,4,"EQUAM Stiftung, Zürich"
3828,4,"Fourchette Verte Ticino"
3828,4,"Swiss Label"
3828,4,"Swiss Tasting Sagl"
3828,7,"curafutura, Berna"
3828,8,"CURAVIVA.CH"
3828,8,"FAIRMED, Berna"
3828,19,"Délégation culturelle et éconiomique de Taipei"
3828,21,"IG biomedizinische Forschung und Innovation"
3828,22,"Centrale d'achat des établissements sanitaires (CADES), Crissier"
3828,22,"Comitato per una Svizzera senza morbillo, Berna"
3828,22,"Forum Managed Care (FMC)"
3828,22,"RADIX, Fondazione svizzera per la salute"
3828,22,"Swiss eHealth Forum"
3829,8,"IPSILON"
3829,11,"Wohn form Tschümperlin AG, Schwyz"
3829,18,"Gemeinsam für unsere Gemeinde"
3829,24,"Rotenfluebahn Mythenregion AG, Schwyz"
3830,4,"Associazione Svizzera Inquilini"
3830,4,"Iniziativa delle Alpi"
3830,8,"Fondazione Casa Astra, Mendrisio"
3830,8,"Nationale Arbeitsgemeinschaft Suchtpolitik (NAS-CPA), Zofingen"
3830,8,"Movimento dei Senza Voce"
3830,8,"Associazione aiuto medico al Centro America, Giubiasco"
3830,8,"Fondazione Amici di AMCA, Giubiasco"
3830,13,"Coordinamento donne della sinistra, Bellinzona"
3830,22,"Stiftung zur Förderung der Weiterbildung in Hausarztmedizin"
3830,23,"Sindacato svizzero dei servizi pubblici (VPOD)"
3865,2,"FH SCHWEIZ - Dachverband Absolventinnen und Absolventen Fachhochschulen"
3865,4,"Schweizerische Vereinigung Hochspannung unter den Boden (HSUB)"
3865,4,"Pro Velo Schweiz, Bern"
3865,4,"SchweizMobil, Bern"
3865,4,"Denknetz Schweiz"
3865,4,"Stiftung Dialog, Bern"
3865,8,"Centre de formation continue pour adultes handicapés, Fribourg"
3865,8,"Fondation Le Tremplin, Fribourg"
3865,8,"Fondation Les Buissonnets, Fribourg"
3865,8,"Fonds de prévoyance en faveur du personnel de la Fondation les Buissonnets, Fribourg"
3865,8,"Schweizerische Alzheimervereinigung"
3865,10,"Association des Amis du Conservatoire de Fribourg"
3865,10,"Fonds de recherche du centenaire de l'Université de Fribourg"
3865,10,"Schweizerisches Alpines Museum, Bern"
3865,10,"Nationale Informationsstelle für Kulturgüter-Erhaltung NIKE"
3865,10,"Nationale Wörterbuch-Kommission"
3865,11,"Imprimerie coopérative CRIC-Print"
3865,11,"Mobilitäts Akademie AG, Bern AG"
3865,14,"Büro Harmos der schweizerischen Erziehungsdirektorenkonferenz"
3865,20,"Schweizerische Greina-Stiftung (SGS) zur Erhaltung der alpinen Fliessgewässer, Zürich"
3865,20,"Stiftung éducation21, Bern"
3865,21,"Schweizerische Stiftung für klinische Krebsforschung, Bern"
3865,21,"Forschungsfonds der Universität Freiburg"
3865,22,"Dachverband Schweizerischer Patientenstellen, Zürich"
3865,22,"Dachverband Komplementärmedizin, Bern"
3865,22,"Krebsliga des Kantons Freiburg"
3865,22,"Freiburger Gesundheitsligen"
3865,22,"Patientenstelle Freiburg-Westschweiz, Freiburg"
3865,22,"Schweizerische Gesellschaft für Gesundheitspolitik"
3865,22,"Swiss Cochrane working group"
3865,25,"OUESTRAIL, Delémont"
3867,1,"Arbeitsgemeinschaft Schweizerischer Rinderzüchter (ASR), Bern"
3867,10,"Eidgenössisches Schwing- und Älplerfest 2013 Burgdorf"
3867,24,"AEBI Reisen GmbH, Alchenstorf"
3872,1,"Caisse de pension de l'Union suisse des paysans"
3872,1,"Personalvorsorgestiftung der Schweizerischen Bauernverbandes"
3872,1,"Union suisse des paysans"
3872,12,"Grande Dixence SA, Sion"
3872,22,"Fondation Hôpital Jules Daler, Fribourg"
3872,25,"Transports publics fribourgeois SA"
3875,2,"Stiftung SWONET, Aarau"
3875,2,"Vereinigung Schweizerischer Unternehmen in Deutschland (VSUD)"
3875,3,"Altersvorsorge-Stiftung der Zofinger Tagblatt AG"
3875,4,"Genfer Zentrum für die demokratische Kontrolle der Streitkräfte (DCAF), Genf"
3875,4,"Genfer Zentrum für Sicherheitspolitik (GZSP), Genf"
3875,5,"Felix Liatowitsch & Peter Liatowitsch"
3875,6,"Dreyfus & Cie. AG, Basel"
3875,8,"Aargauische Stiftung für cerebral Gelähmte"
3875,8,"GSI Gesellschaft Schweiz-Israel (Dachverband)"
3875,10,"Stiftung Schloss Lenzburg"
3875,10,"Stiftung Stapferhaus Lenzburg"
3875,10,"Trägerverein Aargauer Symphonie Orchester Aarau"
3875,11,"Rapp AG, Basel"
3875,12,"Arbeitsgruppe Swisselectric – Ausschuss Nukleare Entsorgung"
3875,12,"IBAarau AG, Aarau"
3875,12,"Nagra, Nationale Genossenschaft für die Lagerung radioaktiver Abfälle, Wettingen"
3875,16,"Dr. med. Aufdermaur AG"
3875,17,"Zofinger Tagblatt AG, Zofingen"
3875,18,"Handelskammer beider Basel (HKBB)"
3875,22,"Domaco AG, Lengnau"
3875,22,"Klinik Barmelweid"
3875,4,"International Fire Academy (IFA)"
3876,4,"Yvette Estermann Stiftung, Kriens"
3876,8,"Gruppe NEUE HEIMAT SCHWEIZ"
3877,8,"EurAsia Heart - A Swiss Medical Foundation, Zürich"
3877,8,"Miva Schweiz - transportiert Hilfe, Wil (SG)"
3877,8,"CASTAGNA, Beratungs- und Informationsstelle, Zürich"
3877,10,"Zürcher Filmfestival, Zürich"
3877,13,"Botschafterin Pro Juventute Schweiz"
3877,14,"Fondation de l'Ecole hôtelière de Lausanne (EHL), Lausanne"
3877,14,"Patronin der Schweizer Vereinigung für die United World Colleges"
3877,16,"Swiss Plastics, Aarau"
3877,17,"Doris Fiala relations & more"
3877,19,"FDP des Kantons Zürich"
3877,21,"Zentrum für Neurowissenschaften, Zürich"
3877,22,"Aids-Hilfe Schweiz"
3878,1,"Flückiger Holz AG, Schöftland"
3878,1,"Lignum, Holzwirtschaft Schweiz, Zürich"
3878,2,"Schweizerischer Gewerbeverband (sgv), Bern"
3878,4,"Swiss label, Gesellschaft zur Promotion von Schweizer Produkten und Dienstleistungen, Bern"
3878,8,"Fondation generationplus, Oberlunkhofen"
3878,15,"Flückiger Holz Immobilien AG, Schöftland"
3878,16,"Aargauischer Gewerbeverband"
3879,4,"GEDREL SA, Lausanne"
3879,4,"TRIDEL SA, Lausanne"
3879,4,"TRIDEL SA, Lausanne"
3879,10,"Festival du film des Diablerets (FIFAD)"
3879,10,"Fondation de l'Opéra de Lausanne pour l'art musical, lyrique et chorégraphique, Lausanne"
3879,10,"Fondation Vaud 3209"
3879,10,"Maison du sport international SA, Lausanne"
3879,11,"Fondation de Beaulieu, Lausanne"
3879,12,"CPP EOS Holding SA, Lausanne"
3879,18,"Association Jardin urbain"
3879,24,"Lausanne Tourisme"
3879,25,"Compagnie du Chemin de fer Lausanne-Echallens-Bercher (LEB), Echallens"
3879,25,"Compagnie du Chemin de fer Lausanne-Echallens-Bercher (LEB), Echallens"
3879,25,"Parkings-Relais lausannois SA, Lausanne"
3879,25,"Sisex SA, Société italo-suisse d'exploitation du Tunnel routier du Grand-Saint-Bernard"
3879,25,"Tramway du sud-ouest lausannois (TSOL)"
3879,25,"Transports publics de la région Lausannoise (TL)"
3879,25,"Transports publics de la région Lausannoise (TL)"
3879,25,"Tunnel du Grand-Saint-Bernard SA, Bourg-Saint-Pierre"
3880,3,"Stiftung Ombudsman der Privatversicherung und der SUVA, Zürich"
3880,8,"Dachverband Drogenabstinenz Schweiz, Bern"
3881,8,"Gesellschaft Schweiz-Albanien, Goldach"
3881,8,"Miva Schweiz - transportiert Hilfe, Wil (SG)"
3881,22,"Schweizerischer Verband für komplementärmedizinische Heilmittel SVKH, Bern"
3881,22,"Homöopathie Schweiz"
3881,22,"OdA-AM (Organisation der Arbeitswelt Alternativmedizin Schweiz), Sursee"
3881,22,"Patientenstelle Ostschweiz, Frauenfeld"
3881,22,"Reliva Patientenhotel AG, Zürich AG"
3881,22,"Schweizerische Stiftung SPO Patientenschutz"
3881,22,"SEXUELLE GESUNDHEIT Schweiz, Lausanne"
3881,22,"SWISS Reha - Vereinigung der Rehabilitationskliniken der Schweiz, Aarau"
3881,22,"xundart AG, Wil (SG)"
3881,25,"IG öfftentlicher Verkehr Ostschweiz"
3881,25,"IG pro Stadtbus, Wil (SG)"
3882,8,"Helvetas, Schweizerische Gesellschaft für internationale Zusammenarbeit, Zürich"
3882,12,"Suisse Eole (Vereinig. zur Förderung der Windenergien in der Schweiz), Corcelles-Cormondrèche"
3882,12,"Wirtschaftsverband swisscleantech (Politischer Beirat)"
3884,3,"Caisse de compensation du Canton de Berne (AKB)"
3884,19,"Force démocratique Mouvement antiséparatiste du Jura bernois"
3885,1,"Moulin, Yverdon"
3885,8,"Fondation de l'EMS des 4 Marroniers"
3885,8,"Fondation des Ermitages"
3885,10,"Fondation du Château de Grandson"
3885,11,"L-2 VD Sàrl (Formation deux-phases), Lausanne"
3886,1,"Milchgenossenschaft Wittenbach bei Lauperswil"
3886,6,"Cavallino Holding AG, Burgdorf"
3886,6,"GRIAG Holding AG, Burgdorf"
3886,6,"Grunder Holding GmbH, Rüegsau"
3886,11,"Grunder Ingenieure AG, Burgdorf"
3886,11,"Grunder Pferdemanagement AG, Rüegsau"
3886,11,"OSTAG Ingenieure AG, Burgdorf"
3886,12,"Wasserversorgungsgenossenschaft Rüegsau + Umgebung, Hasle-Rüegsau"
3887,11,"C and E GmbH, Bülach"
3887,19,"Bund der Steuerzahler"
3888,4,"Cooperatives d'habitation De L'Erse, Genève"
3888,4,"Cooperatives d'habitation du Comte-Géraud, Genève"
3888,4,"Cooperatives d'habitation Les Libellules, Genève"
3888,14,"Centre international de formation à l'enseignement des droit de l'homme et de la paix, Genève"
3888,15,"Union suisse des professionnels de l'immobilier (USPI)"
3890,10,"Stiftung Museum und historisches Material der schweizerischen Luftwaffe, Dübendorf"
3890,10,"Aero-Club der Schweiz (AeCS), Luzern"
3890,17,"Glasfasernetz Schweiz, Bern"
3890,18,"Bodenseerat"
3890,18,"Wirtschaftskommission der IVS (Industrie- und Wirtschafts-Vereinigung Schaffhausen)"
3890,25,"Eidgenössische Aufsichtskommission für die fliegerische Vorschulung (SPHAIR)"
3890,25,"Eidgenössische Kommission für Weltraumfragen"
3890,25,"Schweizer Stiftung Pro Aero"
3890,25,"Stiftung Flying Dream, Sirnach"
3891,3,"Schweizer Verband für BVG-Stiftungsräte (SRPK)"
3891,4,"PolyReg (Selbstregulierungs-Organisation), Zürich"
3891,6,"Schweizer Verband für Rechnungslegung, Controlling und Rechnungswesen (veb.ch), Zürich"
3891,5,"Isenring Kessler Rechtsanwälte, Meilen"
3891,5,"Jositsch Rechtsanwälte"
3891,14,"HWZ Hochschule für Wirtschaft Zürich"
3891,14,"Schweizerisches Institut für Betriebsökonomie (SIB)"
3891,14,"Verlag SKV AG, Zürich"
3891,15,"Sabimo AG, Wolfwil"
3891,15,"SKV Immobilien AG, Zürich"
3891,20,"Stiftung für das Tier im Recht (TIR), Bern"
3891,23,"Bildungsfonds des Kaufmännischen Verbandes Schweiz"
3891,23,"Sozialfonds des Kaufmännischen Verbandes Schweiz"
3891,23,"Schweizerischer Kaufmännischer Verband (SKV)"
3891,23,"Vorsorgestiftung des Kaufmännischen Verbandes Schweiz"
3892,4,"Aushub- , Rückbau- und Recycling-Verband (ARV) Schweiz"
3892,8,"Aargauische Stiftung für cerebral Gelähmte"
3892,9,"Bauenschweiz, Dachverband der Bauwirtschaft"
3892,9,"Fernwärme Siggenthal AG, Obersiggenthal"
3892,9,"Verband Fernwärme Schweiz (VFS)"
3892,12,"Abwasserverband Untersiggenthal-Turgi (Gemeindeverband)"
3892,12,"Aktion für vernünftige Energiepolitik Schweiz (AVES)"
3892,12,"Energieforum Nordwestschweiz"
3892,12,"Forum VERA, Verantwortung für die Entsorgung radioaktiver Abfälle, Bern"
3892,12,"Arbeitsgruppe Swisselectric - Ausschuss nukleare Entsorgung"
3892,12,"Kernkraftwerk Leibstadt AG"
3892,12,"Verein Geothermische Kraftwerke Aargau (VGKA)"
3895,5,"CMS von Erlach Poncet AG"
3895,8,"Synaptic Diseases"
3895,10,"Association Pro Zero Two Two"
3895,11,"Solfor SA, Satigny"
3895,16,"Montres Journe SA, Genève"
3897,8,"Helvetas, Swiss Intercooperation"
3897,11,"Öko-Beirat FEA (Fachverband Elektroapparate für Haushalt und Gewerbe Schweiz)"
3897,20,"Pro Natura Kanton Zürich"
3898,3,"Autorité cantonale de surveillance des fondations et des institutions de prévoyance"
3898,5,"Yves Nidegger"
3898,11,"Organisation de travaux et d'études de constructions SA Genève, Collonge-Bellerive"
3898,25,"Fondation des Parkings, Genève"
3899,6,"Alternative Bank Schweiz AG, Olten"
3899,8,"Verein für Sozialpsychiatrie Baselland, Liestal"
3899,9,"Willy Gysin AG, Liestal"
3899,12,"ADEV Energiegenossenschaft, Liestal"
3899,12,"ADEV Wasserkraftwerk AG, Liestal"
3899,12,"Schweizerische Energiestiftung (SES), Zürich"
3899,12,"AEE Suisse, Dachorganisation der Wirtschaft für erneuerbare Energien und Energieeffizienz, Bern"
3900,4,"Fédération catholique-romaine neuchâteloise"
3900,11,"Fondation Job Service Neuchâtel"
3901,4,"Aktion für eine unabhängige und neutrale Schweiz (AUNS), Bern"
3901,4,"The european alliance of eu-critical movements (team), Brüssel"
3901,12,"Schweizerische Quellwasser- und Brunnenstiftung, Wil (SG)"
3901,13,"Young4FUN.ch, Wil (SG)"
3901,17,"Schweizerzeit Verlags AG, Flaach"
3901,25,"IG Pro Stadtbus, Wil (SG)"
3902,17,"Vereinigung Aktion Medienfreiheit"
3904,2,"Gewerbeverband Stadt Zürich"
3904,4,"alliance F (Bund Schweizerischer Frauenorganisationen), Bern"
3904,4,"Zürcher Frauenzentrale"
3904,4,"Schweizer Polizei Informatik Kongress (SPIK)"
3904,8,"Konferenz der Rotkreuz-Kantonalverbände (Geschäftsführender Ausschuss)"
3904,8,"Schweizerisches Rotes Kreuz Kanton Zürich"
3904,10,"Schweizerische Sportmittelschule Engelberg"
3904,11,"TopPharm Apotheke, Zürich"
3904,12,"Wirtschaftsverband swisscleantech (Politischer Beirat)"
3904,13,"Schweizerischer Verband der Akademikerinnen (SVA), Sektion Zürich"
3904,17,"RadioZürisee AG, Stäfa"
3904,20,"Schweizerische Greina-Stiftung (SGS) zur erhaltung der alpinen Fliessgewässer, Zürich"
3904,20,"Pro Natura, Zürich"
3904,21,"Schweizerische Stiftung für klinische Krebsforschung, Bern"
3904,23,"Kaufmännischer Verband Zürich (KVZ)"
3907,15,"Fondation Union suisse des professionnels de l'immobilier, Vaud"
3907,13,"PLAN International - Because I'm a Girl (Matronat)"
3907,20,"Schweizerische Ausbildungsstätte für Natur- und Umweltschutz (SANU Durabilitas), Bienne"
3907,24,"Suisse Rando"
3908,4,"Neue Europaïsche Bewegung, Sektion Bern"
3908,4,"Comparis.ch AG, Zürich"
3908,4,"Neue Helvetische Gesellschaft, Sektion Bern"
3908,9,"Losinger Marazzi AG"
3908,12,"Verein Green Building Schweiz, Bern"
3908,18,"Förderverein Waldstadt Bremer, Bern"
3908,24,"Bern Tourismus"
3910,1,"Bernische Kalbermäster"
3910,1,"LOBAG Management AG"
3910,1,"LOBAG, Ostermundigen AG"
3910,1,"Schweizerische bäuerliche Bürgschaftsgenossenschaft"
3910,1,"Landwirtschaftskammer vom Bauernverband"
3910,1,"BEO HOLZ, Interlaken"
3910,1,"Bernische Waldbesitzer, Bern"
3910,8,"Blaues Kreuz Kanton Bern"
3910,18,"Schweizerischer Alpwirtschaftlicher Verband"
3911,4,"Association suisse des locataires (ASLOCA)"
3911,4,"Société coopérative d'habitation ""Cité des Philosophes"", Morges"
3911,8,"Oeuvre suisse d'entraide ouvrière (OSEO)"
3911,9,"C.I.E.L. Electricité, Lausanne"
3911,10,"Association lémanique Galère 'La Liberté'"
3911,10,"Fondation Paderewski"
3911,25,"Parking Centre Ville SA, Morges"
3911,25,"Parking Management Service (PMS), Renens"
3912,2,"FH SCHWEIZ - Dachverband Absolventinnen und Absolventen Fachhochschulen"
3912,4,"Konsumentenforum kf (Beirat Politik)"
3912,4,"Interessengemeinschaft Berner Luftverkehr (IGBL)"
3912,10,"BSC Young Boys Betriebs AG, Bern"
3912,12,"Aktion für vernünftige Energiepolitik Schweiz (AVES)"
3912,12,"Nuklearforum Schweiz"
3912,14,"Stiftung FH Schweiz zur Förderung des dualen Bildungswegs"
3912,17,"ICT Berufsbildung Schweiz, Bern"
3912,17,"Radio Bern1"
3912,17,"Vereinigung Aktion Medienfreiheit"
3923,8,"Caritas Suisse, Lucerne"
3923,8,"Caritas Vaud"
3923,8,"Fondation Mère Sofia, Lausanne"
3924,8,"Artias, Yverdon"
3924,12,"Association Swisscleantech, Berne (Conseil politique)"
3924,20,"Alliance ""Non au nucléaire"" , Zürich"
3924,20,"Sortir du nucléaire, Lausanne (Porte-parole)"
3931,2,"Schweizer Kaderorganisation SKO"
3931,3,"Sozialversicherungsanstalt (SVA) des Kantons Zürich"
3931,9,"WOHNEN SCHWEIZ - Verband der Baugenossenschaften, Luzern"
3931,10,"Gesellschaft für das Weinbaumuseum am Zürichsee"
3931,12,"Beratende Kommission EAWAG (Eidg. Anstalt für Wasserversorgung, Abwasserreinigung und Gewässerschutz)"
3931,20,"Aqua Viva - Rheinaubund"
3931,21,"Schweizerische Stiftung für Klinische Krebsforschung (SSKK), Bern"
3931,21,"Gen Suisse - Schweizerische Stiftung für eine verantwortungsvolle Gentechnik, Bern"
3931,21,"IG biomedizinische Forschung und Innovation"
3931,21,"Association für Ingenieurbiologie"
3931,22,"Spitex Verband Kanton Zürich"
3931,25,"Informationsdienst für den öffentlichen Verkehr (LITRA), Bern"
4007,13,"Jugendlobby Siggenthal, Nussbaumen"
4007,20,"Kein Atommüll im Bözberg (KAIB), Gipf-Oberfrick"
4007,23,"Aargauischer Gewerkschaftsbund (AGB), Aarau"
4007,24,"Arbeiterstrandbad Tennwil, Meisterschwanden"
4008,6,"Interesta AG, Glarus"
4008,7,"Groupe Mutuel, Groupe de réflexion santé"
4008,10,"Volley Näfels"
4008,11,"Strategiemühle gmbh, Glarus"
4008,12,"Energo"
4008,12,"Wirtschaftsverband swisscleantech (Politischer Beirat)"
4008,14,"Kantonsschule Glarus"
4008,15,"Wala AG"
4008,17,"Glasfasernetz Schweiz, Bern"
4008,22,"Zahntechnik Näfels AG"
4008,22,"Ausbildungsfonds der Zahntechnik Näfels AG"
4018,4,"Nouveau Mouvement Européen Suisse (NOMES)"
4018,11,"Groupe E Greenwatt SA, Granges-Paccot"
4018,14,"Conférence romande de la formation continue (CRFC)"
4018,16,"Fondation pour un laboratoire de recherche horlogère (FLRH), Neuchâtel"
4018,16,"Fondation Suisse pour la Recherche en Microtechnique (FSRM), Neuchâtel"
4018,16,"Fondation Suisse pour la Recherche en Microtechnique (FSRM), Neuchâtel"
4018,23,"Travail.Suisse, Berne"
4025,4,"Hauseigentümerverband (HEV) Oberrheintal"
4025,4,"Auslandschweizer-Organisation, Bern"
4025,19,"Stiftung für bürgerliche Politik, Zug"
4030,4,"Stiftung für Konsumentenschutz (SKS), Bern"
4030,4,"Schutzverband der Bevölkerung um den Flugplatz Emmen (SFE)"
4030,4,"Zentralschweizer Komitee Tiefbahnhof Luzern"
4030,8,"Kontakt- und Beratunsstelle Sans-Papiers, Luzern"
4030,8,"Stiftung Brändi, Kriens"
4030,8,"Schweizerische Alzheimervereinigung, Luzern"
4030,14,"Center for Law and Sustainability (CLS) der Universität Luzern"
4030,18,"LuzernPlus, Ebikon (Gemeindeverband)"
4031,8,"AWEPA Association of European Parliamentarians with Africa"
4031,8,"Stiftung Brot für alle, Bern"
4031,10,"Musikkollegium Winterthur"
4031,10,"Rychenberg-Stiftung"
4031,20,"BirdLife Schweiz"
4031,22,"Schweizerische Stiftung zur Förderung der psych. Gesundheit von Kindern und Jugendlichen"
4032,6,"Bank Coop (Nachhaltigkeitsbeirat)"
4032,8,"Verein Strassenmagazin Surprise"
4032,16,"Industrielle Werke Basel (IWB)"
4032,20,"Nie Wieder Atomkraftwerke (NWA)"
4032,20,"Stiftung Landschaftsschutz Schweiz (SL)"
4036,3,"Ausgleichskasse des Kantons Bern/IV-Stelle Bern"
4036,4,"Angestellte bern, Bern"
4036,8,"Tear Fund Schweiz"
4036,8,"INSOS Schweiz, Bern"
4036,14,"Agogis, Zürich"
4036,21,"Schweizerische Stiftung für klinische Krebsforschung, Bern"
4040,4,"Schweizer Stiftung Farbe, Winterthur"
4040,4,"IG Südumfahrung Nein"
4040,4,"Auslandschweizer-Organisation, Bern (Auslandschweizerrat)"
4040,8,"Swisscontact Schweizerische Stiftung für technische Entwicklungszusammenarbeit"
4040,8,"Patronaler Fonds der Pro Senectute beider Basel"
4040,8,"Pro Senectute Beider Basel"
4040,8,"Stiftung Gérard und Dori Bernus-Loratan"
4040,8,"Stiftung Sedlmayer-Lips"
4040,10,"Europäisches Jugendchor Festival"
4040,12,"Genossenschaft Elektra Birseck (EBM), Münchenstein"
4040,18,"Handelskammer beider Basel"
4040,18,"Starke Region"
4040,21,"IG biomedizinische Forschung und Innovation"
4042,1,"IG Erfrischungsgetränke"
4042,3,"Aspero AG, Basel"
4042,3,"Liberty Vorsorgeeinrichtung"
4042,3,"Pensionskasse der Basler Kantonalbank, Basel"
4042,4,"Konsumentenforum kf"
4042,6,"Basler Kantonalbank, Basel"
4042,7,"Groupe Mutuel, Groupe de réflexion santé"
4042,11,"Adoro consulting sa, Basel"
4042,11,"Dr. Sebastian Frehner Consulting, Basel"
4042,11,"LURIX Swiss AG, Herisau"
4042,12,"Energieforum Nordwestschweiz"
4042,19,"Parlamentarischer Verein Schweiz-USA"
4042,19,"pro rabais.-, Basel"
4042,21,"IG Biomedizinische Forschung und Innovation"
4045,15,"Genossenschaft Schönehof, Frauenfeld"
4045,16,"Pensionkasse Schreinergewerbe, Zürich"
4045,23,"Gewerkschaft Unia, Bern"
4045,23,"Gewerkschaftsbund Kanton Bern"
4045,23,"Schweizerischer Gewerkschaftsbund (SGB), Bern"
4045,24,"Hotel Bern AG, Bern"
4045,24,"Hotel Freienhof AG, Thun"
4045,24,"Volkshaus AG Bern"
4046,8,"Soccorso svizzero d'inverno"
4046,18,"Ente turistico del Luganese"
4046,22,"Servizio cure a domicilio del Luganese"
4048,11,"Globalforex SA, Lugano SA"
4048,20,"Società per la protezione degli animali Lugano e dintorni (SPALD), Taverne"
4049,4,"Fussverkehr Bern"
4049,8,"Swissaid, Bern"
4049,10,"Ballenberg - Schweizerisches Freilichtmuseum für ländliche Kultur"
4049,10,"Cinésuisse, Bern"
4049,10,"Association GAIA Kammermusikfestival"
4049,10,"KleinKunst Schweiz"
4049,10,"Stiftung Stockalperturm Gondo / VS, Zwischbergen"
4049,10,"Grand Prix von Bern (Organisationskomitee)"
4049,10,"SwissTopSport"
4049,13,"kidswest.ch Kunstwerkstatt, Bern"
4049,20,"Alliance Animale Suisse"
4049,20,"Naturpark Gantrisch"
4049,20,"Verkehrs-Club der Schweiz (VCS) Sektion Bern"
4049,24,"Schweizer Wanderwege, Bern"
4050,12,"Solargenossenschaft Frauenfeld"
4050,12,"Solarzentrum Ostschweiz GmbH, Frauenfeld"
4051,1,"Abbundcenter Nordwestschweiz AG (ANW), Gelterkinden"
4051,4,"Verband Schweiz. Bürgergemeinden und Korporationen"
4051,6,"Raiffeisenbank Oberbaselbiet, Gelterkinden"
4051,12,"Elektra Baselland (EBL), Liestal"
4051,12,"Wohlfahrtsstiftung der Elektra Baselland, Liestal"
4051,16,"Intergenerika, Liestal"
4051,17,"Politcom, Agentur für politische Kommunikation und Public Affairs, Liestal"
4051,17,"Swisscable, Verband für Kommunikationsnetze, Bern (Parlamentarischer Beirat)"
4051,18,"Komitee für ein selbständiges Baselbiet"
4051,21,"IG biomedizinische Forschung und Innovation"
4051,22,"SW!SS REHA (Politischer Beirat)"
4051,25,"Autobus AG Liestal (AAGL)"
4051,25,"SPEDLOGSWISS, Basel"
4052,1,"Pensionskasse des Schweizerischen Bauernverbandes, Brugg"
4052,1,"Personalvorsorgestiftung des Schweizerischen Bauernverbandes"
4052,1,"Haus des Schweizerbauern, Brugg"
4052,1,"Schweizerischer Bauernverband, Brugg"
4052,16,"Life Science AG"
4052,20,"Christoph Merian Stiftung"
4053,2,"Vereinigung der Privaten Aktiengesellschaften"
4053,4,"Swiss Police ICT"
4053,11,"Aeschi & Company GmbH"
4053,13,"Stiftung für junge Auslandschweizer (Revisor)"
4053,19,"Freiheit + Verantwortung"
4054,3,"Aufsichtskommission IV-Stelle Luzern"
4054,6,"HV Finanzgesellschaft AG"
4054,6,"Schweizer Verband für Rechnungslegung, Controlling und Rechnungswesen (veb.ch), Zürich"
4054,6,"Vitali Treuhand GmbH, Oberkirch"
4054,8,"Stiftung für Schwerstbehinderte (SSBL), Luzern"
4054,8,"Aufsichtskommission Strafanstalt Wauwilermoos, Egolzwil"
4054,8,"Pro Senectute Kanton Luzern (Stiftungsversammlung)"
4054,10,"IG Volkskultur, Altdorf"
4054,11,"Egli + Vitali AG"
4054,11,"Vitali + Müller AG, Oberkirch"
4054,12,"Energie Oberkirch AG, Oberkirch"
4054,22,"Stiftung Toni Schillig, Baar"
4056,3,"Ostschweizer BVG- und Stiftungsaufsicht, St. Gallen"
4056,6,"Appenzeller Kantonalbank"
4056,10,"Schwendner Chilbi Association, Appenzell"
4056,12,"Glattstrom Buchholz AG, St. Gallen"
4056,15,"Plusimmo AG, Schaffhausen"
4056,18,"Bezirksmendlegemeinde Appenzell, Appenzell (Rechnungsrevisoren)"
4056,18,"Internationale Bodensee Konferenz, Wirtschaftsministerkonferenz"
4056,18,"Konferenz kantonaler Volkswirtschaftsdirektoren (VDK), Bern"
4056,24,"Association Appenzellerland Tourismus AI, Appenzell"
4056,25,"Konferenz der kantonalen Direktoren des öffentlichen Verkehr (KöV), Bern"
4056,25,"SpedX GmbH"
4057,8,"Solidaritätsfonds für soziale Befreiungskämpfe in der Dritten Welt – SOLIFONDS, Zürich"
4057,19,"Sozialdemokratische Partei SP"
4058,4,"Schweizerischer Mieterinnen- und Mieterverband (SMV), Zürich"
4058,8,"Zugang für Alle, Stiftung zur behindertengerechten Technologienutzen, Zürich (ehrenamtlich)"
4058,17,"Zeix AG, Zürich"
4058,17,"Zeix AG, Zürich"
4059,2,"Schweizerischer Ingenieur- und Architektenverein (SIA)"
4059,8,"Stiftung Domino"
4059,8,"Stiftung für Behinderte Region Brugg, Windisch"
4059,20,"Nie Wieder Atomkraftwerke (NWA) - Aargau"
4059,20,"Stiftung Landschaftsschutz Schweiz (SL)"
4059,25,"Verkehrsforum Aargau"
4060,1,"Kistenfabrik + Holzhandels AG, Thürnen"
4060,2,"Gewerbeverein Sissach und Umgebung"
4060,2,"Schweizerischer Gewerbeverband (sgv), Bern (Mitglied der Gewerbekammer)"
4060,3,"PatronFonds"
4060,4,"Hauseigentümerverband (HEV) Sissach/Läufelfingen"
4060,6,"TREUHAND SUISSE Schweizerischer Treuhänderverband, Bern"
4060,6,"Schneeberger Treuhand AG"
4060,18,"KGIV der Wirtschaftskammer Basel-Landschaft, Liestal"
4060,18,"Wirtschaftsrat der Wirtschaftskammer Basel-Landschaft, Liestal"
4060,19,"Liga Baselbieter Steuerzahler, Liestal"
4060,24,"Treff 44 AG, Thürnen"
4061,4,"Schutzverband der Bevölkerung um den Flughafen Zürich"
4061,4,"Fussverkehr Schweiz, Zürich"
4061,4,"Verein Velo-Initiative"
4061,8,"Promobil, Zürich"
4061,8,"Sozialkonferenz des Kantons Zürich"
4061,8,"Stiftung Alterswohnen, Rümlang"
4061,9,"Wohnbaugenossenschaften Schweiz, Regionalverband Zürich"
4061,10,"Walter Kaufmann Stiftung, Rümlang"
4061,15,"Hausverein Schweiz"
4061,15,"Hausverein Schweiz"
4061,15,"Hardegger Immobilien AG, Rümlang"
4061,18,"Gemeindepräsidentenverband des Kantons Zürich"
4061,18,"glow. das Glattal"
4061,18,"Metropolitanraum Zürich (Metropolitanrat)"
4061,20,"Schweizerische Greina-Stiftung (SGS) zur Erhaltung der alpinen Fliessgewässer, Zürich"
4061,25,"VöV ZH, Association zur Förderung des öffentlichen Verkehrs im Kanton Zürich"
4063,12,"Arbeitsgruppe Swisselectric - Ausschuss nukleare Entsorgung"
4063,12,"Stiftung für angepasste Technologie und Sozialökologie, Langenbruck"
4063,13,"Das Kind im Zentrum, Oensingen AG"
4063,20,"Netzwerk Schweizer Pärke, Bern"
4063,20,"OdA Umwelt, Bern"
4063,20,"Pro Natura Solothurn"
4063,23,"Transfair"
4063,25,"Association Bus Alpin, Bern"
4065,1,"Gemüseproduzenten-Vereinigung der Kantone Bern und Freiburg (GVBF)"
4065,14,"Kaufmännische Berufsschule Emmental, Burgdorf (Schulrat)"
4065,17,"Radio Emme AG, Langnau im Emmental"
4066,4,"Beratende Kommission für internationale Entwicklungszusammenarbeit"
4066,4,"Schweizerisches Kompetenzzentrum für Menschenrechte (SKMR)"
4066,8,"Verein Prävention und Drogenfragen, Uster"
4066,8,"Zentrum für Gehör und Sprache, Zürich (Zentrumrat)"
4066,8,"Gesellschaft Schweiz-Albanien, Goldach"
4066,8,"Stiftung Kinderdorf Pestalozzi, Trogen"
4066,8,"Zürcher Stiftung für Gefangenen und Entlassenenfürsorge ZSGE, Zürich"
4066,12,"Zürich Erneuerbar (Verein für Energieeffizienz und erneuerbare Energien), Zürich"
4066,13,"Fachstelle Fehlgeburt und perinataler Kindstod"
4066,13,"Verband Kibesuisse, Kinderbetreuung Schweiz, Zürich"
4066,14,"Stiftung Schweizerischer Privatschulen, Bern"
4066,14,"Verband Zürcher Schulpräsidien (VZS)"
4066,21,"Gen Suisse - Schweizerische Stiftung für eine verantwortungsvolle Gentechnik, Bern"
4067,7,"Förderung besonderer gemeinschaftlichen Aufgaben der sozialen Krankenversichung, Solothurn"
4067,7,"Santésuisse, Solothurn"
4067,7,"SVK, Schweizerischer Verband pour Gemeinschaftsaufgaben der Krankenversicherer, Solothurn"
4067,9,"Baulink AG"
4067,9,"Studio MBH AG"
4067,10,"Stiftung Sport-Gymnasium Davos (SSGD)"
4067,15,"Immo suisse assets AG, Zug"
4069,3,"Fluck-Bernhard Stiftung, Wettingen"
4069,8,"Aargauische Fondation Suchthilfe"
4069,8,"Kappelerstiftung, Wettingen"
4069,8,"Swissaid, Bern"
4069,11,"Advantis Versicherungsberatung AG, Zürich AG"
4069,18,"Spirit of Bern"
4069,22,"Regionales Pflegezentrum (RPB), Baden"
4069,22,"Spitex Wettingen"
4070,8,"ARGO (Stiftung für Integration von Menschen mit Behinderungen in Graubünden)"
4070,8,"Pro Infirmis Graubünden, Chur (Kantonalkommission)"
4070,8,"Alzheimervereinigung Sektion Graubünden, Chur"
4070,8,"Evangelisches Alters- und Pflegeheim, Ilanz"
4070,9,"WOHNEN SCHWEIZ – Verband der Baugenossenschaften, Luzern"
4070,10,"Internationales Kultuforum, Disentis"
4070,10,"Opera Viva, Obersaxen"
4070,13,"Stiftung junge Auslandschweizer (SJAS), Kantonalkomitee Graubünden"
4070,14,"Fachhochschulrat Ostschweiz"
4070,18,"Schweizerische Arbeitsgemeinschaft für die Berggebiete (SAB), Bern"
4070,18,"Region Surselva, Glion (öffentlich-rechtlicher Verband)"
4070,20,"Schweizerische Greina-Stiftung (SGS) zur Erhaltung der alpinen Fliessgewässer, Zürich"
4070,24,"Schweizer Tourismus-Verband (STV), Bern"
4070,24,"Genossenschaft Amarenda"
4070,25,"Informationsdienst für den öffentlichen Verkehr (LITRA), Bern"
4070,25,"Societad cooperativa promotura d'aradira Surrein-Rabius e contuorn"
4071,1,"Schweizer Salinen AG, Schweizerhalle"
4071,10,"Alpines Museum, Bern"
4071,10,"Stiftung Schloss Jegenstorf"
4071,10,"thunerSeespiele AG, Thun"
4071,11,"Kumagra AG, Bern"
4071,12,"BKW AG, Bern"
4071,18,"Verein PPP (Public Private Partnership) Schweiz, Zürich"
4071,21,"IG biomedizinische Forschung und Innovation"
4071,22,"FASMED, Dachverband Schweiz. Handels- und Industrievereinig. der Medizintechnik, Muri b. Bern"
4071,10,"Heimatland Verlag AG"
4071,6,"SelFin Invest AG"
4071,22,"Stiftung Lindenhof, Bern"
4072,1,"Caccia Svizzera, St. Gallen"
4072,1,"Federazione Cacciatori Ticinesi, Gordola"
4072,4,"Touring Club Suisse (TCS)"
4072,6,"Regazzi Holding"
4072,10,"Hockey Club Lugano"
4072,10,"Team Ticino, Giubiasco"
4072,11,"Marcmetal SA, Bioggio SA"
4072,11,"Ratti e Regazzi giardinieri"
4072,11,"Regapak Regazzi SA, Gordola"
4072,11,"Regazzi SA, Gordola"
4072,11,"Regazzi Schermature Solari SA, Gordola"
4072,11,"Regazzi Serramenti e Facciate SA, Gordola"
4072,11,"Regazzi TPS (Tecnica Protezione Solare)"
4072,11,"Regazzi TSF (Tecnica Serramenti e Facciate)"
4072,12,"Verzasca SA, Lugano"
4072,15,"Repi SA, Gordola"
4072,15,"Sarefi Immobiliare SA, Gordola"
4072,16,"Associazione industrie ticinesi, Lugano"
4072,16,"Stilcolor SA, Gordola SA"
4072,16,"Unione Svizzera del Metallo TI (commissione paritetica)"
4072,17,"Glasfasernetz Schweiz, Berna"
4072,20,"Aqua Nostra"
4072,20,"Aqua Nostra"
4072,20,"Stiftung für Naturschutz und Wild"
4072,24,"Lido F&B SA, Locarno SA"
4072,25,"ASTAG, Associazione svizzera dei trasportatori stradali, Berna (comitato politico)"
4072,25,"Comitato San Gottardo"
4072,25,"Swiss Shippers' Council (SSC), Lausanne"
4073,4,"Bo-Schi SA, Chiasso"
4073,4,"Fondazione Pagani, Chiasso"
4073,4,"Maru SA, Chiasso"
4073,6,"Studio fid. E imm. R. Pantani Tettamanti SA, Chiasso"
4073,11,"Ramp Beratung SA, Chiasso"
4073,11,"VSP Sicurezza & Automazione Sagl, Chiasso"
4073,11,"GAG SUISSE SA, Chiasso"
4073,11,"Modellami SA, Grancia"
4073,12,"AGE SA, Chiasso SA"
4073,12,"Consorzio Azienda Posso Prà Tiro"
4073,15,"Centoventuno SA, Chiasso"
4073,15,"Domusdea SA, Locarno"
4073,16,"Farmatech R&M SA, Chiasso"
4073,16,"Swikapital SA, Chiasso"
4073,18,"Ente Regionale per lo sviluppo del Mendrisiotto e Basso Ceresio (ERS-MB)"
4073,20,"Aqua Nostra"
4073,22,"Medixentrix SA, Chiasso"
4073,24,"Pizza IN SA, Mendrisio"
4073,25,"Modalog SA, Chiasso"
4074,8,"Fondation de l'ancien dispensaire, Porrentruy"
4074,8,"Fondation Suisse pour les enfants atteints de maladies rénales en Arménie (SEMRA), Porrentruy"
4074,10,"Association Les Amis du Colisée (Cinéma de Porrentruy)"
4074,19,"Mouvement autonomiste jurassien (Commission politique)"
4074,20,"Association Transport et Environnement (ATE)"
4074,22,"Association des médecins de famille et de l'enfance Suisse (MFE) (Commission politique)"
4074,23,"Syndicat UNIA"
4075,6,"AFU Anlagen und Finanz AG, St. Gallen"
4076,8,"Blaues Kreuz Schweiz, Bern"
4076,8,"IG pro VEBO und INSOS"
4076,20,"Nie wieder Atomkraftwerke (NWA) Solothurn"
4076,23,"Gewerkschaft des Verkehrspersonals SEV, Bern (Zentralsekretär)"
4076,23,"Luftverkehrsabteilung der Gewerkschaft des Verkehrspersonals SEV"
4076,23,"Gewerkschaftsbund Kanton Solothurn (GbS)"
4077,2,"Chambre suisse des arts et métiers"
4077,15,"Chambre vaudoise immobilière"
4077,15,"Fédération romande immobilière, Lausanne"
4077,6,"FIDUCIAIRE SUISSE Union Suisse des Fiduciaires, Berne (conseil politique)"
4077,10,"Conservatoire de l'Ouest vaudois, Morges"
4077,11,"Propriétaires Services SA, Lausanne"
4077,18,"Forum de l'économie de La Côte, Mont-sur-Rolle"
4077,22,"Fondation de La Côte pour l'aide et les soins à domicile et la prévention, Morges"
4079,10,"Montreux Comedy Festival"
4079,13,"Le Réseau, Lausanne"
4079,14,"Nomads Foundation, Genève"
4081,4,"Externe Qualitätssicherung in der Medizin (EQUAM Stiftung), Bern"
4081,22,"Stiftung Patientensicherheit für Anästhesie, Bern"
4081,22,"Stiftung für Patientensicherheit, Zürich"
4082,1,"Bienenzüchter Unteres Aaretal, Suhr"
4082,4,"Konsumentenforum kf (Beirat Politik)"
4082,4,"Allianz Pro Limmattalbahn, Zürich"
4082,12,"Forum VERA, Verantwortung für die Entsorgung radioaktiver Abfälle"
4082,17,"ePowerInitiative"
4083,4,"Swiss e-Mobility"
4083,10,"VFSB, Frutigen"
4083,11,"ElektroLink AG, Frutigen"
4083,11,"Elektroplan Buchs & Grossen AG, Frutigen"
4083,12,"Neue Energie Bern (Unternehmerinitiative)"
4083,12,"Wirtschaftsverband Swisscleantech"
4083,16,"Konferenz der Gebäudetechnikverbände"
4083,25,"Informationsdienst für den öffentlichen Verkehr (LITRA), Bern"
4084,1,"Schweizer Obstverband (SOV)"
4084,1,"Weinfreunde Menzingen"
4084,1,"IG Erfrischungsgetränke"
4084,3,"Ausgleichskasse Verom, Schlieren"
4084,4,"Freunde des Morgantenschiessens"
4084,6,"Raiffeisenbank Menzingen-Neuheim, Menzingen"
4084,6,"Raiffeisenbanken Kanton Zug"
4084,7,"Groupe Mutuel, Groupe de réflexion santé"
4084,8,"Connecta, Integration geistig Behinderter im Arbeitsmarkt"
4084,8,"Rotary Club Ägeri-Menzingen"
4084,10,"Leichtathletik Club Zoug"
4084,10,"Orientierungs-Lauf-Association Zug"
4084,12,"Kernkraftwerk Gösgen-Däniken AG, Däniken"
4084,21,"Gen Suisse - Schweizerische Stiftung für eine verantwortungsvolle Gentechnik, Bern"
4084,21,"IG biomedizinische Forschung und Innovation"
4084,24,"Vorstand parlam. Gruppe Gastrosuisse"
4085,4,"Zentralschweizer Komitee Tiefbahnhof Luzern"
4085,4,"Kirchgemeinde Lungern"
4085,5,"Notariatskommission des Kantons Obwalden (Aufsichts- und Prüfungsorgan der Notare)"
4085,12,"Energieallianz"
4085,14,"Verein des Kollegi Sarnen"
4086,1,"Interprofession des Fruits et Légumes du Valais (IFELV), Conthey"
4086,1,"Les Fruits de Martigny SA, Martigny"
4086,4,"Association suisse des exploitants d'installations de valorisation des déchets (ASED)"
4086,4,"Stiftung Zentrum für nachhaltige Abfall- und Ressourcennutzung (ZAR), Zürich"
4086,4,"Abbaye des officiers du bat car 1"
4086,4,"Amicale des soldats de St.-André, Muraz"
4086,4,"Société des Officiers du Valais romand, Monthey"
4086,8,"Caritas Valais Wallis, Sion"
4086,8,"Fondation Home de Collombey-Muraz"
4086,12,"Fédération romande pour l'énergie (FRE)"
4086,12,"Sinergy Infrastructure SA, Martigny"
4086,17,"Radio Chablais SA, Monthey"
4086,18,"Pour le maintien des places de travail en région de montagne (Groupe d'intérêt)"
4086,18,"RCR Publicité SA"
4086,18,"Société de Promotion des Restoroutes Valaisans SA, Sion"
4087,12,"Ener-J"
4089,4,"Schutzverband der Bevölkerung um den Flugplatz Emmen (SFE), Emmen"
4089,4,"PRO VELO Schweiz, Bern"
4089,4,"Auslandschweizer-Organisation, Bern"
4090,1,"Bruggmühle Goldach AG, Goldach"
4090,1,"Steiner Mühle AG, Lauperswil"
4090,6,"UBS AG"
4090,25,"TPG Publicité SA"
4090,25,"Transport public genevois (TPG), Lancy"
4091,4,"Association suisse des locataires (ASLOCA-Suisse), Berne"
4091,4,"Initiative des Alpes"
4091,10,"Bibliomedia Schweiz, Bern"
4091,17,"Société coopérative d’édition du journal Le Peuple.VS, Sion"
4091,23,"Union syndicale valaisanne, Sion"
4093,4,"Mieterinnen- und Mieterverband Deutschschweiz (MVD), Zürich"
4093,4,"Mieterinnen- und Mieterverband Kanton Zürich"
4093,4,"Schweizerischer Mieterinnen- und Mieterverband (SMV)"
4093,8,"Solidarité sans frontières"
4093,8,"Schweizerisches Arbeiterhilfswerk (SAH), Zürich"
4093,10,"Swiss Music Export"
4093,11,"Verein OneGov.ch"
4094,1,"IG Erfrischungsgetränke"
4094,1,"Berner Jägerverband (BEJV)"
4094,7,"Stiftung Visana Plus"
4094,7,"Visana AG"
4094,7,"Visana Beteiligungen AG"
4094,7,"Visana Services AG, Bern"
4094,7,"Visana Versicherungen AG"
4094,7,"Vivacare AG"
4094,8,"Gewa, Stiftung für berufliche Integration, Zollikofen"
4094,9,"Wohnen Schweiz - Verband der Baugenossenschaften, Luzern"
4094,14,"Medizinische Fakultät der Universität Bern"
4094,19,"Hess Advisum Gmbh"
4094,20,"Stiftung Wildstation Landshut, Utzenstorf"
4094,21,"IG biomedizinische Forschung und Innovation"
4094,22,"Spitex Verband Schweiz, Bern"
4094,24,"GastroSuisse, Zürich"
4095,4,"Lötschberg-Komitee (Verein zum Ausbau Nord-Süd Schienenachse über den Lötschberg)"
4095,4,"Kantonale Fachkommission pour Gleichstellungsfragen Kanton Berne"
4095,18,"Bern neu Gründen"
4095,20,"Alpen-Initiative"
4095,20,"Verkehrs-Club der Schweiz (VCS), Kanton Bern"
4095,25,"Verkehrsbetriebe Biel, Biel/Bienne"
4096,1,"Brauerei Rosengarten AG, Einsiedeln"
4096,1,"Entlebucher Bier AG"
4096,1,"IG der unabhängigen Klein- & Mittelbrauereien der Schweiz"
4096,1,"Personalfürsorgestiftung der Brauerei Rosengarten AG"
4096,1,"Verband Schweizerischer Getränke-Grossisten"
4096,4,"Schweizerische Pfadistiftung, Basel"
4096,4,"Stiftung Auslandschweizer-Platz, Brunnen"
4096,11,"EA Druck & Verlag AG, Einsiedeln"
4096,15,"BEGA Berggaststätten AG"
4097,1,"Fenaco Genossenschaft, Bern"
4097,1,"Luzerner Bäuerinnen- und Bauernverband, Oberkirch"
4097,1,"Zentralschweizer Bauernbund, Rothenturm"
4097,2,"Arbeitsgemeinschaft Wirtschaft und Gesellschaft (AWG), Kanton Luzern"
4097,8,"Stiftung Alterswohnheim Ruswil"
4097,10,"Stiftung Kulturraum Ruswil"
4098,4,"Zentralschweizer Komitee Tiefbahnhof Luzern"
4098,17,"K3.Keller-Kommunikation&Konzepte GmbH"
4099,3,"Balrisk Versicherungsbroker AG, Binningen"
4099,3,"Stiftungskommission der Pensionskasse der Basler Kantonalbank"
4099,3,"Verband Schweizerischer Versicherungsbroker SIBA"
4099,6,"Basler Kantonalbank"
4099,6,"Pensionskasse der Basler Kantonalbank"
4099,10,"Christoph Merian Stiftung (CMS), Basel"
4099,10,"Sportmuseum Schweiz, Basel"
4099,10,"Genossenschaft St. Jakob-Park, Basel"
4099,11,"LCB Lehmann Consulting Basel"
4100,10,"Stiftung Eichberg, Uetendorf"
4100,10,"Nationales Nordisches Skizentrum Kandersteg (NNSK)"
4100,11,"Büro Dr. Rösti GmbH, Bern"
4100,12,"Aktion für vernünftige Energiepolitik Schweiz (AVES)"
4100,17,"ELICT AG, Bern"
4100,18,"Volkswirtschaft Berner Oberland"
4100,19,"Stiftung für bürgerliche Politik, Zug"
4100,20,"Association GRÜN 18"
4101,1,"Verein zur Schutz landwirtschaftlichen Grundeigentums (VSLG), Bern"
4101,8,"Insieme Schweiz"
4101,8,"Fondation L'Estampille, Freiburg"
4101,11,"Schweizerische Lauterkeitskommission"
4101,17,"Radio Fribourg"
4101,18,"Schweizerischer Gemeindeverband, Bern"
4101,18,"Fonds de recherche du centenaire de l'Université de Fribourg"
4101,24,"Freiburger Tourismusverband (FTV), Freiburg"
4102,1,"Agroscope (Anspruchsgruppenbeirat)"
4102,4,"alliance F (Bund Schweizerischer Frauenorganisationen), Bern"
4102,11,"Bertschy & Stocker, Köniz"
4103,1,"Familie Haldimann Stiftung, Weinfelden"
4103,1,"Fonds der Thurgauer Landwirtschaft, Weinfelden"
4103,1,"Meili-Fonds des Thurgauer Bauernverbandes, Weinfelden"
4103,1,"Spenglerfonds zur Fürsorge für alte landwirtschaftliche Dienstboten, Weinfelden"
4103,1,"Schweizerischer Bauernverband"
4103,1,"Verband Thurgauer Landwirtschaft (VTL), Weinfelden"
4104,1,"Graubünden Wald"
4104,2,"Schweizerischer Gewerbeverband (sgv), Bern (Mitglied der Gewerbekammer)"
4104,3,"Montalin BVG-Sammelstiftung, Chur"
4104,9,"Gasser Bau AG, Niederhasli"
4104,9,"Gasser Fassadentechnik AG, St. Gallen"
4104,9,"Gasser Gartenbau AG, Zürich"
4104,9,"Gasser Gebäude AG, Chur"
4104,9,"Josias Gasser Baumaterialien AG, Chur"
4104,9,"L. Gasser & Co. AG, Zürich"
4104,11,"do it AG, Chur"
4104,11,"Do it Service AG"
4104,11,"drexel und weiss, Energieeffiziente Haustechniksysteme GmbH, Wolfurt (A)"
4104,11,"Gebr. Gasser Holding AG, Freienbach"
4104,11,"HT-Plan Haustechnik-Planung AG, Chur"
4104,12,"Calandawind AG, Haldenstein"
4104,12,"energie-cluster.ch"
4104,12,"IG Passivhaus Südostschweiz"
4104,12,"Verein energiefragen.GR"
4104,14,"Evangelische Mittelschule Schiers (Schulverein)"
4104,20,"oe-plus Verein für ökonomie + ökologie + Gesellschaft"
4106,4,"Neue Europäische Bewegung Schweiz (nebs), Bern"
4106,8,"Helvetas, Schweizerische Gesellschaft für internationale Zusammenarbeit, Zürich (politischer Beirat)"
4106,8,"Homosexuelle Arbeitsgruppen Zürich (HAZ), Zürich"
4106,8,"Zürcher Stiftung für Gefangenen- und Entlassenenfürsorge (ZSGE), Zürich"
4106,10,"Familienstiftung Naef von Zürich und Kappel am Albis"
4106,14,"KV Zürich"
4106,22,"Zürcher Aids-Hilfe (ZAH), Zürich"
4106,23,"Kaufmännischer Verband Zürich (KVZ)"
4107,10,"Stiftung ""La littérature en couleurs"", Yverdon-les-Bains"
4107,14,"Institut suisse de droit de la santé de l'Université de Neuchâtel (IDS)"
4108,1,"Cremo SA, Villars-sur-Glâne"
4108,11,"Association e-covoiturage.ch"
4108,12,"Sécurité énergétique, St-George"
4108,12,"Suisse Eole (Association suisse pour l'énergie éolienne), Corcelles-Cormondrèche"
4108,17,"Fondation Ynternet.org"
4108,19,"Ecologie libérale, Morges"
4108,20,"Association du Bois de Chêne de Genolier (ABCG)"
4108,20,"Ecoparc, Neuchâtel"
4108,20,"StopOGM"
4108,20,"Terre et Faune, St-George"
4108,24,"Pro Aqua - Pro Vita, Bâle"
4109,10,"Fondation village lacustre de Gletterens"
4109,13,"Pro Familia Suisse, Berne"
4110,3,"Sozialversicherungsanstalt (SVA), Zürich"
4110,4,"Hauseigentümerverband (HEV) Kanton Zürich"
4110,4,"Hauseigentümerverband (HEV) Schweiz, Zürich"
4110,5,"Egloff & Partner Services AG, Zürich"
4110,6,"Bank Sparhafen Zürich AG, Zürich"
4110,9,"BSZ Genossenschaft, Zürich"
4110,11,"KuRo Consulting AG, Zürich"
4110,15,"BSZ Immobilien AG, Zürich"
4110,15,"c+j immo AG, Alpnach"
4110,15,"E&P Immo AG, Alpnach"
4110,15,"ELRAK AG, Alpnach"
4110,15,"Morgental PE Invest AG"
4110,15,"Terra Sua AG, Alpnach"
4110,18,"Ernst Wilhelm Meier-Stiftung, Zürich"
4113,4,"CIVIVA, fédération service civil"
4113,8,"Ligue Internationale Contre le Racisme et l'Antisémitisme (LICRA)"
4113,10,"Comité de soutien à la rénovation du Musée d'art et d'histoire Genève"
4113,10,"Grand Théâtre de Genève"
4113,10,"Maison de Rousseau et de la Littérature (MRL), Genève"
4113,10,"Université Populaire Albanaise (UPA), Genève"
4113,18,"Association des Communes genevoises"
4113,22,"Aide Suisse contre le Sida, Berne"
4114,1,"Knecht Mühle AG, Leibstadt"
4114,1,"Mühle Leibstadt AG, Leibstadt"
4114,1,"Personalfürsorgestiftung der H. Knecht AG, Leibstadt"
4114,4,"Hauseigentümerverband (HEV) Aargau"
4114,19,"Aargauische Stiftung für Freiheit und Verantwortung in Politik und Wirtschaft"
4115,6,"Schweizerischer Bankpersonalverband (ASEB-SBPV), Bern"
4115,6,"Association suisse des employés de banque (ASEB), section romande, Genève"
4115,8,"Solidaritätsfonds für soziale Befreiungskämpfe in der Dritten Welt – SOLIFONDS, Zürich"
4115,8,"Oeuvre suisse d'entraide ouvrière (OSEO) Vaud, Vevey"
4115,8,"Oeuvre suisse d'entraide ouvrière (OSEO), Berne"
4115,11,"Cooqpit, Villeneuve"
4116,2,"Baryon AG"
4116,2,"Schweizerischer Gewerbeverband (SGV), Bern"
4116,4,"Hauseigentümerverband (HEV) Schweiz, Zürich"
4116,6,"TREUHAND SUISSE Schweizerischer Treuhänderverband, Bern (politischer Beirat)"
4116,6,"Nebag AG, Zürich AG"
4116,10,"Stiftung Landguet Ried, Bern"
4116,14,"Hochschule Luzern (Fachhochschulrat)"
4117,6,"Zürcher Kantonalbank"
4117,7,"Groupe Mutuel, Groupe de réflexion santé"
4117,17,"Vereinigung Aktion Medienfreiheit"
4118,4,"Profil"
4118,8,"Charlotte und Hans Haller Stiftung"
4118,8,"Pro Infirmis Schweiz, Zürich"
4120,4,"Associazione Passeggeri Aerei della Svizzera italiana (ASPASI), Lugano"
4120,4,"Swiss eMobility, Bern"
4120,10,"L'Incontro (centro culturale), Mendrisio"
4120,17,"Vereinigung Aktion Medienfreiheit"
4120,22,"Servizio Autoambulanza Mendrisiotto"
4120,25,"AutoPostale Svizzera SA Regione Ticino"
4121,8,"Arud (Zentren für Suchtmedizin), Zürich"
4121,8,"ThurVita AG, Wil SG"
4121,8,"Heimstätten Wil, St. Gallen"
4121,13,"Pflegekinder-Aktion Schweiz, Zürich"
4121,14,"Universität St. Gallen, Institut für Wirtschaftsethik"
4121,23,"Gewerkschaftsbund Kanton St. Gallen, St Gallen"
4122,1,"Schweizerischer Getreideproduzentenverband, Bern"
4122,1,"Solothurnischer Bauernverband (SOBV), Solothurn"
4122,6,"Agro Treuhand Solothurn/Baselland, Riedholz"
4122,18,"Dorfzentrum Deitingen AG"
4123,4,"Fussverkehr Schweiz, Zürich"
4123,8,"Comité de pilotage du projet ""Mise en oeuvre RPT/législation sur la pers. en situation de handicap"""
4123,8,"Agir pour la dignité"
4123,8,"INFRI-Association fribourgeoise des institutions spécialisées, Fribourg"
4123,12,"Energiepolitische Kommission Städteverband"
4123,13,"Association Mütter- und Väterberatung des Seebezirks, Murten"
4123,16,"Applico, Murten"
4123,18,"Energie-, Umwelt- und Planungskommission der Gemeinde Murten"
4123,20,"Aktionsplan Strategie Biodiversität Schweiz"
4123,20,"Pro Natura, Basel"
4124,2,"Schweizerischer Arbeitgeberverband, Zürich (Grosser Vorstand)"
4124,2,"Schweizerischer Gewerbeverband (sgv), Bern (Mitglied der Gewerbekammer)"
4124,2,"ODEC - Verband HF - Absolventen, Winterthur"
4124,3,"Spida Ausgleichskasse, Zürich"
4124,3,"Spida Familienausgleichskasse, Zürich"
4124,3,"Spida Pensionskasse, Zürich"
4124,3,"Spida Sozialfonds Gebäudetechnik, Zürich"
4124,3,"Spida Personalvorsorgestiftung"
4124,6,"Schilliger Holding AG, Udligenswil"
4124,8,"Stiftung Speranza, Aarau"
4124,8,"Supported employment Schweiz, Bern"
4124,9,"Gisler Spenglerei-Bedachungen GmbH, Udligenswil"
4124,9,"Sozialfonds Suissetec"
4124,9,"Swisstec Gebäudetechnik-Verband, Zürich"
4124,10,"Kursaal Casino AG, Luzern"
4124,11,"Herzog Haustechnik AG, Luzern"
4124,11,"Herzog Hautechnik: Patronale Stiftung, Luzern"
4124,11,"Herzog Holding AG, Luzern"
4124,11,"IC AG Haustechnik-Beratung, Udligenswil"
4124,12,"Verband Effiziente Energie Erzeugung (V3E), Basel"
4124,12,"Verein Energieallianz"
4124,14,"Hochschule Luzern: Förderung Technik/Architektur"
4124,15,"Partner Immobilien AG, Udligenswil"
4124,22,"Kantonales Spital Wolhusen"
4124,22,"Luzerner Kantonsspital, Luzern (Spitalrat)"
4124,22,"Nidwaldner Kantonsspital, Stans (Spitalrat)"
4124,24,"VIHL - Hotelfachschulen, Luzern"
4125,4,"Hauseigentümerverband (HEV) Zürich"
4125,10,"Stiftung Davos Festival"
4125,11,"Rutz & Partner, Zollikon"
4125,14,"European Business School / HSO Bildungsorganisation Schweiz, Zürich AG"
4125,17,"Aktion Medienfreiheit, Bern"
4125,19,"IG Freiheit, Zürich"
4125,19,"SVP Partei"
4126,4,"Hausbesitzerverein Basel (Delegiertenversammlung)"
4126,7,"Groupe Mutuel, Groupe de réflexion santé"
4126,8,"Alzheimervereinigung beider Basel"
4126,8,"Gemeinnützige Institutionen, Basel"
4126,10,"Rockförderverein Basel, Basel"
4126,11,"Ernst Selmoni AG"
4126,13,"Frau Sucht Gesundheit / frauenOase"
4126,18,"Handelskammer beider Basel, Basel"
4126,19,"Freiheit + Verantwortung"
4126,21,"Gen Suisse - Schweizerische Stiftung für eine verantwortungsvolle Gentechnik, Bern"
4126,21,"IG biomedizinische Forschung und Innovation"
4128,4,"Neue Europäische Bewegung Schweiz (nebs), Bern"
4128,4,"Pro Velo Bern"
4128,4,"umverkehR, Zürich"
4128,10,"Mus-E"
4128,13,"Dachverband für offene Arbeit mit Kindern in der Stadt Bern"
4129,1,"Landfrauen Frauenfeld und Umgebung"
4129,2,"Fachausschuss Hauswirtschaft"
4129,2,"Gewerbeverein Frauenfeld"
4129,4,"Hauseigentümerverband (HEV) Frauenfeld"
4129,8,"Gemeinnütziger Frauenverein Frauenfeld"
4129,8,"Pro Senectute Thurgau, Weinfelden"
4129,10,"Kunstverein Frauenfeld"
4129,10,"Turf Club Frauenfeld (TCF)"
4129,12,"Aktion für vernünftige Energiepolitik Schweiz (AVES)"
4129,13,"TAGEO (Thurgauer Arbeitsgemeinschaft für Elternorganisationen)"
4129,18,"Verein EXPO2027"
4129,19,"IG Freiheit"
4129,20,"Tierschutzverein Frauenfeld"
4129,22,"Komitee für eine Schweiz ohne Masern, Bern"
4129,24,"Bodenseegärten"
4129,25,"Verkehrsverein Frauenfeld"
4130,4,"Läbigi Stadt Bern"
4130,12,"Solar Agentur Schweiz (SAS), Zürich"
4130,20,"Smaragdgebiet Oberaargau, Langenthal"
4130,20,"WWF Kanton Bern"
4131,8,"Freundinnen und Freunde der Gentiana Primary School Nairobi"
4131,20,"Schweizerische Greina-Stiftung (SGS) zur Erhaltung der alpinen Fliessgewässer, Zürich"
4131,20,"NATUME büro für natur umwelt mensch - claudia friedl"
4131,20,"WWF St. Gallen"
4131,21,"Forschungsintitut für biologischen Landbau (FiBL), Frick"
4134,14,"Schweizerische Gesellschaft für angewandte Berufsbildungsforschung (SGAB), Zürich"
4134,14,"Stadtrandschule, Schaffhausen"
4134,20,"Aqua Viva - Rheinaubund"
4135,6,"LCD Gestion Fiduciaire Sàrl, La Brévine"
4135,11,"Donato Sabella, La Chaux-de-Fonds"
4135,22,"OCM Dentaire SA, Neuchâtel"
4136,8,"Fondation ""Au Coeur des Grotttes"", Genève"
4136,13,"F-Information, Genève"
4136,20,"Association Transports et Environnement (ATE), Herzogenbuchsee"
4136,22,"Fondation genevoise pour le dépistage du cancer du sein, Genève"
4137,4,"Fondation HBM Emma KAMMACHER , Genève"
4137,4,"Fédération suisse des fonctionnaires de police, Lucerne"
4137,22,"Fondation communale immobilière de Lancy"
4137,22,"Les hôpitaux universitaires de Genève (HUG), Genève"
4140,4,"Società Ticinese degli Ufficiali"
4140,5,"Giovanni Merlini"
4140,5,"Ordine degli avvocati del Cantone Ticino"
4140,5,"Ordine dei Notai del Cantone Ticino"
4140,8,"Rotary Club Locarno"
4140,10,"Festival Internazionale del Film, Locarno"
4140,10,"Fondazione Ragioni Critiche, Giubiasco"
4140,10,"Fondazione Patrizio Patelli, Gordola"
4140,11,"Pini Swiss Engineers SA, Lugano"
4140,25,"Autosilo Piazza Castello SA, Locarno"
4140,25,"Ticino Parcheggi SA, Locarno"
4141,6,"LGT Bank (Schweiz) AG"
4141,6,"Zürcher Bankenverband"
4141,13,"Stiftung Stunde des Herzens, Zürich"
4141,15,"ARWA IMMOBILIEN AG. Baar"
4141,20,"Fondazione Kaspar e Sophie Spörri, Gudo"
4141,22,"Stiftung Zürcher Lighthouse, Zürich"
4142,4,"Komitee ""Pro Flughafen"", Zürich"
4142,5,"Wenger & Vieli AG, Zürich"
4142,6,"EGS Beteiligungen AG, Zürich"
4142,8,"Züriwerk - Stiftung für Menschen mit geistiger Behinderung im Kanton Zürich"
4142,10,"Ernst Göhner Stiftung, Zug"
4142,10,"Fritz Gerber-Stiftung für begabte junge Menschen, Basel"
4142,10,"Veronika und Hugo Bohny Stiftung, Meilen"
4142,16,"Rahn AG, Zürich"
4142,18,"Zürcher Handelskammer"
4142,22,"RehaClinic AG, Bad Zurzach"
4142,22,"RehaClinic Zürich AG"
4142,22,"Wilhelm Schulthess - Stiftung, Zürich"
4142,25,"Panalpina Welttransport (Holding) AG, Basel"
4143,4,"ASLOCA-Lausanne (Association suisse des locataires)"
4143,8,"Centre social protestant, Lausanne"
4143,10,"Fondation Compagnie Philippe Saire, Lausanne"
4143,10,"Fondation Théâtre Arsenic, Lausanne"
4143,18,"Société de développement du Centre, Lausanne"
4144,6,"Gaydoul Group, Freienbach"
4144,6,"Gaydoul Holding AG"
4144,6,"Matter Beteiligungen, Zug"
4144,6,"Matter Group, Meilen"
4144,6,"Neue Helvetische Bank, Zürich"
4144,11,"Elektroplanungsbüro Thomas Matter"
4144,15,"MG Real Estate (Spain), Meilen"
4144,15,"MG Real Estate, Meilen"
4144,15,"Phitora, Arosa"
4144,19,"IG JA zum Schutz der Privatsphäre"
4144,19,"IG Schweizer Unternehmer gegen wirtschaftsfeindliche Initiativen"
4146,1,"Landi Büren"
4146,14,"Höhere Fachschule Holz, Biel"
4147,4,"Vadec SA, La Chaux-de-Fonds"
4147,8,"Fondation Favre-Robert-Guyot-Bingguely"
4147,11,"Société Immobilière Polyexpo SA, La Chaux-de-Fonds"
4147,12,"Intercommunale Gaz-Energie (IGESA) SA, La Chaux-de-Fonds"
4147,12,"Syndicat pour l'alimentation du Val-de-Ruz et des Montagnes Neuchâteloises (SIVAMO)"
4147,15,"Bloc 30 S.A."
4147,18,"Commune de la Chaux-de-Fonds"
4147,24,"Hôtel Pierre-François SA, La Chaux-de-Fonds"
4147,25,"Aéroport régional des Eplatures SA, La Chaux-de-Fonds"
4148,1,"Holzkorporation Hegnau"
4148,10,"Männerchor Ellikon an der Thur"
